SKU_A,SKU_B,lag,Pearson_r,pair
GECS826TL,PMKN95B,-6,,GECS826TL ↔ PMKN95B
GECS826TL,PMKN95B,-5,,GECS826TL ↔ PMKN95B
GECS826TL,PMKN95B,-4,,GECS826TL ↔ PMKN95B
GECS826TL,PMKN95B,-3,,GECS826TL ↔ PMKN95B
GECS826TL,PMKN95B,-2,,GECS826TL ↔ PMKN95B
GECS826TL,PMKN95B,-1,,GECS826TL ↔ PMKN95B
GECS826TL,PMKN95B,0,,GECS826TL ↔ PMKN95B
GECS826TL,PMKN95B,1,,GECS826TL ↔ PMKN95B
GECS826TL,PMKN95B,2,,GECS826TL ↔ PMKN95B
GECS826TL,PMKN95B,3,,GECS826TL ↔ PMKN95B
GECS826TL,PMKN95B,4,,GECS826TL ↔ PMKN95B
GECS826TL,PMKN95B,5,0.0681,GECS826TL ↔ PMKN95B
GECS826TL,PMKN95B,6,0.5943,GECS826TL ↔ PMKN95B
AN11840-7,AN11840-8,-6,-0.2803,AN11840-7 ↔ AN11840-8
AN11840-7,AN11840-8,-5,-0.1037,AN11840-7 ↔ AN11840-8
AN11840-7,AN11840-8,-4,0.1536,AN11840-7 ↔ AN11840-8
AN11840-7,AN11840-8,-3,0.062,AN11840-7 ↔ AN11840-8
AN11840-7,AN11840-8,-2,0.4053,AN11840-7 ↔ AN11840-8
AN11840-7,AN11840-8,-1,-0.2838,AN11840-7 ↔ AN11840-8
AN11840-7,AN11840-8,0,0.9992,AN11840-7 ↔ AN11840-8
AN11840-7,AN11840-8,1,-0.3738,AN11840-7 ↔ AN11840-8
AN11840-7,AN11840-8,2,0.3097,AN11840-7 ↔ AN11840-8
AN11840-7,AN11840-8,3,0.6503,AN11840-7 ↔ AN11840-8
AN11840-7,AN11840-8,4,0.0543,AN11840-7 ↔ AN11840-8
AN11840-7,AN11840-8,5,-0.0684,AN11840-7 ↔ AN11840-8
AN11840-7,AN11840-8,6,-0.2423,AN11840-7 ↔ AN11840-8
AN11840-7,AN11840-9,-6,-0.2646,AN11840-7 ↔ AN11840-9
AN11840-7,AN11840-9,-5,-0.1278,AN11840-7 ↔ AN11840-9
AN11840-7,AN11840-9,-4,0.1503,AN11840-7 ↔ AN11840-9
AN11840-7,AN11840-9,-3,0.0671,AN11840-7 ↔ AN11840-9
AN11840-7,AN11840-9,-2,0.4018,AN11840-7 ↔ AN11840-9
AN11840-7,AN11840-9,-1,-0.3028,AN11840-7 ↔ AN11840-9
AN11840-7,AN11840-9,0,0.9981,AN11840-7 ↔ AN11840-9
AN11840-7,AN11840-9,1,-0.3057,AN11840-7 ↔ AN11840-9
AN11840-7,AN11840-9,2,0.4903,AN11840-7 ↔ AN11840-9
AN11840-7,AN11840-9,3,0.0804,AN11840-7 ↔ AN11840-9
AN11840-7,AN11840-9,4,0.1548,AN11840-7 ↔ AN11840-9
AN11840-7,AN11840-9,5,-0.1116,AN11840-7 ↔ AN11840-9
AN11840-7,AN11840-9,6,-0.2765,AN11840-7 ↔ AN11840-9
AN11840-8,AN11840-9,-6,-0.2162,AN11840-8 ↔ AN11840-9
AN11840-8,AN11840-9,-5,-0.0861,AN11840-8 ↔ AN11840-9
AN11840-8,AN11840-9,-4,0.0462,AN11840-8 ↔ AN11840-9
AN11840-8,AN11840-9,-3,0.6523,AN11840-8 ↔ AN11840-9
AN11840-8,AN11840-9,-2,0.2916,AN11840-8 ↔ AN11840-9
AN11840-8,AN11840-9,-1,-0.3635,AN11840-8 ↔ AN11840-9
AN11840-8,AN11840-9,0,0.9977,AN11840-8 ↔ AN11840-9
AN11840-8,AN11840-9,1,-0.2951,AN11840-8 ↔ AN11840-9
AN11840-8,AN11840-9,2,0.4747,AN11840-8 ↔ AN11840-9
AN11840-8,AN11840-9,3,0.0822,AN11840-8 ↔ AN11840-9
AN11840-8,AN11840-9,4,0.1532,AN11840-8 ↔ AN11840-9
AN11840-8,AN11840-9,5,-0.1031,AN11840-8 ↔ AN11840-9
AN11840-8,AN11840-9,6,-0.2778,AN11840-8 ↔ AN11840-9
AN11840-10,AN11840-9,-6,-0.2197,AN11840-10 ↔ AN11840-9
AN11840-10,AN11840-9,-5,-0.1828,AN11840-10 ↔ AN11840-9
AN11840-10,AN11840-9,-4,0.453,AN11840-10 ↔ AN11840-9
AN11840-10,AN11840-9,-3,0.1114,AN11840-10 ↔ AN11840-9
AN11840-10,AN11840-9,-2,0.4685,AN11840-10 ↔ AN11840-9
AN11840-10,AN11840-9,-1,-0.2678,AN11840-10 ↔ AN11840-9
AN11840-10,AN11840-9,0,0.9968,AN11840-10 ↔ AN11840-9
AN11840-10,AN11840-9,1,-0.3473,AN11840-10 ↔ AN11840-9
AN11840-10,AN11840-9,2,0.4969,AN11840-10 ↔ AN11840-9
AN11840-10,AN11840-9,3,0.0538,AN11840-10 ↔ AN11840-9
AN11840-10,AN11840-9,4,0.1136,AN11840-10 ↔ AN11840-9
AN11840-10,AN11840-9,5,-0.09,AN11840-10 ↔ AN11840-9
AN11840-10,AN11840-9,6,-0.264,AN11840-10 ↔ AN11840-9
AN11840-10,AN11840-7,-6,-0.2331,AN11840-10 ↔ AN11840-7
AN11840-10,AN11840-7,-5,-0.159,AN11840-10 ↔ AN11840-7
AN11840-10,AN11840-7,-4,0.4494,AN11840-10 ↔ AN11840-7
AN11840-10,AN11840-7,-3,0.1167,AN11840-10 ↔ AN11840-7
AN11840-10,AN11840-7,-2,0.4732,AN11840-10 ↔ AN11840-7
AN11840-10,AN11840-7,-1,-0.2695,AN11840-10 ↔ AN11840-7
AN11840-10,AN11840-7,0,0.9959,AN11840-10 ↔ AN11840-7
AN11840-10,AN11840-7,1,-0.3375,AN11840-10 ↔ AN11840-7
AN11840-10,AN11840-7,2,0.4104,AN11840-10 ↔ AN11840-7
AN11840-10,AN11840-7,3,0.0632,AN11840-10 ↔ AN11840-7
AN11840-10,AN11840-7,4,0.0977,AN11840-10 ↔ AN11840-7
AN11840-10,AN11840-7,5,-0.0873,AN11840-10 ↔ AN11840-7
AN11840-10,AN11840-7,6,-0.2671,AN11840-10 ↔ AN11840-7
AN11840-10,AN11840-8,-6,-0.2362,AN11840-10 ↔ AN11840-8
AN11840-10,AN11840-8,-5,-0.1577,AN11840-10 ↔ AN11840-8
AN11840-10,AN11840-8,-4,0.4505,AN11840-10 ↔ AN11840-8
AN11840-10,AN11840-8,-3,0.1037,AN11840-10 ↔ AN11840-8
AN11840-10,AN11840-8,-2,0.4702,AN11840-10 ↔ AN11840-8
AN11840-10,AN11840-8,-1,-0.253,AN11840-10 ↔ AN11840-8
AN11840-10,AN11840-8,0,0.9957,AN11840-10 ↔ AN11840-8
AN11840-10,AN11840-8,1,-0.3787,AN11840-10 ↔ AN11840-8
AN11840-10,AN11840-8,2,0.2792,AN11840-10 ↔ AN11840-8
AN11840-10,AN11840-8,3,0.7405,AN11840-10 ↔ AN11840-8
AN11840-10,AN11840-8,4,-0.0178,AN11840-10 ↔ AN11840-8
AN11840-10,AN11840-8,5,-0.0365,AN11840-10 ↔ AN11840-8
AN11840-10,AN11840-8,6,-0.2028,AN11840-10 ↔ AN11840-8
PIP33-BLK125BPM,PIP33-BLK125BPS,-6,-0.035,PIP33-BLK125BPM ↔ PIP33-BLK125BPS
PIP33-BLK125BPM,PIP33-BLK125BPS,-5,0.4698,PIP33-BLK125BPM ↔ PIP33-BLK125BPS
PIP33-BLK125BPM,PIP33-BLK125BPS,-4,0.5057,PIP33-BLK125BPM ↔ PIP33-BLK125BPS
PIP33-BLK125BPM,PIP33-BLK125BPS,-3,0.3053,PIP33-BLK125BPM ↔ PIP33-BLK125BPS
PIP33-BLK125BPM,PIP33-BLK125BPS,-2,0.3599,PIP33-BLK125BPM ↔ PIP33-BLK125BPS
PIP33-BLK125BPM,PIP33-BLK125BPS,-1,-0.3931,PIP33-BLK125BPM ↔ PIP33-BLK125BPS
PIP33-BLK125BPM,PIP33-BLK125BPS,0,0.9946,PIP33-BLK125BPM ↔ PIP33-BLK125BPS
PIP33-BLK125BPM,PIP33-BLK125BPS,1,-0.3233,PIP33-BLK125BPM ↔ PIP33-BLK125BPS
PIP33-BLK125BPM,PIP33-BLK125BPS,2,0.5047,PIP33-BLK125BPM ↔ PIP33-BLK125BPS
PIP33-BLK125BPM,PIP33-BLK125BPS,3,0.5315,PIP33-BLK125BPM ↔ PIP33-BLK125BPS
PIP33-BLK125BPM,PIP33-BLK125BPS,4,0.5233,PIP33-BLK125BPM ↔ PIP33-BLK125BPS
PIP33-BLK125BPM,PIP33-BLK125BPS,5,0.4532,PIP33-BLK125BPM ↔ PIP33-BLK125BPS
PIP33-BLK125BPM,PIP33-BLK125BPS,6,-0.0036,PIP33-BLK125BPM ↔ PIP33-BLK125BPS
SFPUG09VMT,SFPUG111VMT,-6,0.0784,SFPUG09VMT ↔ SFPUG111VMT
SFPUG09VMT,SFPUG111VMT,-5,0.1792,SFPUG09VMT ↔ SFPUG111VMT
SFPUG09VMT,SFPUG111VMT,-4,-0.1316,SFPUG09VMT ↔ SFPUG111VMT
SFPUG09VMT,SFPUG111VMT,-3,-0.0366,SFPUG09VMT ↔ SFPUG111VMT
SFPUG09VMT,SFPUG111VMT,-2,-0.0402,SFPUG09VMT ↔ SFPUG111VMT
SFPUG09VMT,SFPUG111VMT,-1,-0.0904,SFPUG09VMT ↔ SFPUG111VMT
SFPUG09VMT,SFPUG111VMT,0,0.9924,SFPUG09VMT ↔ SFPUG111VMT
SFPUG09VMT,SFPUG111VMT,1,-0.1312,SFPUG09VMT ↔ SFPUG111VMT
SFPUG09VMT,SFPUG111VMT,2,-0.0419,SFPUG09VMT ↔ SFPUG111VMT
SFPUG09VMT,SFPUG111VMT,3,-0.0749,SFPUG09VMT ↔ SFPUG111VMT
SFPUG09VMT,SFPUG111VMT,4,-0.1435,SFPUG09VMT ↔ SFPUG111VMT
SFPUG09VMT,SFPUG111VMT,5,0.0846,SFPUG09VMT ↔ SFPUG111VMT
SFPUG09VMT,SFPUG111VMT,6,0.0857,SFPUG09VMT ↔ SFPUG111VMT
PIP33-BLK125BPS,UVSVP401,-6,-0.0055,PIP33-BLK125BPS ↔ UVSVP401
PIP33-BLK125BPS,UVSVP401,-5,0.4375,PIP33-BLK125BPS ↔ UVSVP401
PIP33-BLK125BPS,UVSVP401,-4,0.5654,PIP33-BLK125BPS ↔ UVSVP401
PIP33-BLK125BPS,UVSVP401,-3,0.5835,PIP33-BLK125BPS ↔ UVSVP401
PIP33-BLK125BPS,UVSVP401,-2,0.5704,PIP33-BLK125BPS ↔ UVSVP401
PIP33-BLK125BPS,UVSVP401,-1,-0.1883,PIP33-BLK125BPS ↔ UVSVP401
PIP33-BLK125BPS,UVSVP401,0,0.9923,PIP33-BLK125BPS ↔ UVSVP401
PIP33-BLK125BPS,UVSVP401,1,-0.2339,PIP33-BLK125BPS ↔ UVSVP401
PIP33-BLK125BPS,UVSVP401,2,0.8359,PIP33-BLK125BPS ↔ UVSVP401
PIP33-BLK125BPS,UVSVP401,3,0.6466,PIP33-BLK125BPS ↔ UVSVP401
PIP33-BLK125BPS,UVSVP401,4,0.4248,PIP33-BLK125BPS ↔ UVSVP401
PIP33-BLK125BPS,UVSVP401,5,0.1686,PIP33-BLK125BPS ↔ UVSVP401
PIP33-BLK125BPS,UVSVP401,6,-0.0689,PIP33-BLK125BPS ↔ UVSVP401
PIP33-BLK125BPM,UVSVP401,-6,-0.0376,PIP33-BLK125BPM ↔ UVSVP401
PIP33-BLK125BPM,UVSVP401,-5,0.4817,PIP33-BLK125BPM ↔ UVSVP401
PIP33-BLK125BPM,UVSVP401,-4,0.5141,PIP33-BLK125BPM ↔ UVSVP401
PIP33-BLK125BPM,UVSVP401,-3,0.3278,PIP33-BLK125BPM ↔ UVSVP401
PIP33-BLK125BPM,UVSVP401,-2,0.5309,PIP33-BLK125BPM ↔ UVSVP401
PIP33-BLK125BPM,UVSVP401,-1,-0.3932,PIP33-BLK125BPM ↔ UVSVP401
PIP33-BLK125BPM,UVSVP401,0,0.9889,PIP33-BLK125BPM ↔ UVSVP401
PIP33-BLK125BPM,UVSVP401,1,-0.3261,PIP33-BLK125BPM ↔ UVSVP401
PIP33-BLK125BPM,UVSVP401,2,0.8075,PIP33-BLK125BPM ↔ UVSVP401
PIP33-BLK125BPM,UVSVP401,3,0.6294,PIP33-BLK125BPM ↔ UVSVP401
PIP33-BLK125BPM,UVSVP401,4,0.4068,PIP33-BLK125BPM ↔ UVSVP401
PIP33-BLK125BPM,UVSVP401,5,0.1955,PIP33-BLK125BPM ↔ UVSVP401
PIP33-BLK125BPM,UVSVP401,6,-0.0736,PIP33-BLK125BPM ↔ UVSVP401
ME6632XL,UVS4040,-6,-0.0097,ME6632XL ↔ UVS4040
ME6632XL,UVS4040,-5,0.0853,ME6632XL ↔ UVS4040
ME6632XL,UVS4040,-4,-0.0797,ME6632XL ↔ UVS4040
ME6632XL,UVS4040,-3,0.222,ME6632XL ↔ UVS4040
ME6632XL,UVS4040,-2,0.6174,ME6632XL ↔ UVS4040
ME6632XL,UVS4040,-1,0.0177,ME6632XL ↔ UVS4040
ME6632XL,UVS4040,0,0.9784,ME6632XL ↔ UVS4040
ME6632XL,UVS4040,1,-0.111,ME6632XL ↔ UVS4040
ME6632XL,UVS4040,2,0.4276,ME6632XL ↔ UVS4040
ME6632XL,UVS4040,3,0.011,ME6632XL ↔ UVS4040
ME6632XL,UVS4040,4,-0.1253,ME6632XL ↔ UVS4040
ME6632XL,UVS4040,5,0.0736,ME6632XL ↔ UVS4040
ME6632XL,UVS4040,6,0.0837,ME6632XL ↔ UVS4040
ME6632L,PIP33-BLK125BPS,-6,-0.0016,ME6632L ↔ PIP33-BLK125BPS
ME6632L,PIP33-BLK125BPS,-5,0.4739,ME6632L ↔ PIP33-BLK125BPS
ME6632L,PIP33-BLK125BPS,-4,0.6158,ME6632L ↔ PIP33-BLK125BPS
ME6632L,PIP33-BLK125BPS,-3,0.4585,ME6632L ↔ PIP33-BLK125BPS
ME6632L,PIP33-BLK125BPS,-2,0.3044,ME6632L ↔ PIP33-BLK125BPS
ME6632L,PIP33-BLK125BPS,-1,-0.3054,ME6632L ↔ PIP33-BLK125BPS
ME6632L,PIP33-BLK125BPS,0,0.9622,ME6632L ↔ PIP33-BLK125BPS
ME6632L,PIP33-BLK125BPS,1,0.0019,ME6632L ↔ PIP33-BLK125BPS
ME6632L,PIP33-BLK125BPS,2,-0.1934,ME6632L ↔ PIP33-BLK125BPS
ME6632L,PIP33-BLK125BPS,3,-0.2149,ME6632L ↔ PIP33-BLK125BPS
ME6632L,PIP33-BLK125BPS,4,-0.3148,ME6632L ↔ PIP33-BLK125BPS
ME6632L,PIP33-BLK125BPS,5,0.051,ME6632L ↔ PIP33-BLK125BPS
ME6632L,PIP33-BLK125BPS,6,0.0789,ME6632L ↔ PIP33-BLK125BPS
MESX9667L,SFPUG09VMT,-6,0.1736,MESX9667L ↔ SFPUG09VMT
MESX9667L,SFPUG09VMT,-5,0.1604,MESX9667L ↔ SFPUG09VMT
MESX9667L,SFPUG09VMT,-4,-0.1954,MESX9667L ↔ SFPUG09VMT
MESX9667L,SFPUG09VMT,-3,0.03,MESX9667L ↔ SFPUG09VMT
MESX9667L,SFPUG09VMT,-2,-0.0957,MESX9667L ↔ SFPUG09VMT
MESX9667L,SFPUG09VMT,-1,0.2004,MESX9667L ↔ SFPUG09VMT
MESX9667L,SFPUG09VMT,0,0.9607,MESX9667L ↔ SFPUG09VMT
MESX9667L,SFPUG09VMT,1,-0.0379,MESX9667L ↔ SFPUG09VMT
MESX9667L,SFPUG09VMT,2,-0.0234,MESX9667L ↔ SFPUG09VMT
MESX9667L,SFPUG09VMT,3,-0.0526,MESX9667L ↔ SFPUG09VMT
MESX9667L,SFPUG09VMT,4,-0.0587,MESX9667L ↔ SFPUG09VMT
MESX9667L,SFPUG09VMT,5,0.1505,MESX9667L ↔ SFPUG09VMT
MESX9667L,SFPUG09VMT,6,0.0987,MESX9667L ↔ SFPUG09VMT
MESX9667L,SFPUG111VMT,-6,0.1447,MESX9667L ↔ SFPUG111VMT
MESX9667L,SFPUG111VMT,-5,0.1896,MESX9667L ↔ SFPUG111VMT
MESX9667L,SFPUG111VMT,-4,-0.1935,MESX9667L ↔ SFPUG111VMT
MESX9667L,SFPUG111VMT,-3,0.0324,MESX9667L ↔ SFPUG111VMT
MESX9667L,SFPUG111VMT,-2,-0.0882,MESX9667L ↔ SFPUG111VMT
MESX9667L,SFPUG111VMT,-1,0.1765,MESX9667L ↔ SFPUG111VMT
MESX9667L,SFPUG111VMT,0,0.9552,MESX9667L ↔ SFPUG111VMT
MESX9667L,SFPUG111VMT,1,-0.0849,MESX9667L ↔ SFPUG111VMT
MESX9667L,SFPUG111VMT,2,-0.0077,MESX9667L ↔ SFPUG111VMT
MESX9667L,SFPUG111VMT,3,-0.0957,MESX9667L ↔ SFPUG111VMT
MESX9667L,SFPUG111VMT,4,-0.0749,MESX9667L ↔ SFPUG111VMT
MESX9667L,SFPUG111VMT,5,0.0686,MESX9667L ↔ SFPUG111VMT
MESX9667L,SFPUG111VMT,6,0.0865,MESX9667L ↔ SFPUG111VMT
AE82501,SFGG805PFL,-6,0.0645,AE82501 ↔ SFGG805PFL
AE82501,SFGG805PFL,-5,-0.0921,AE82501 ↔ SFGG805PFL
AE82501,SFGG805PFL,-4,-0.1039,AE82501 ↔ SFGG805PFL
AE82501,SFGG805PFL,-3,-0.0157,AE82501 ↔ SFGG805PFL
AE82501,SFGG805PFL,-2,-0.0044,AE82501 ↔ SFGG805PFL
AE82501,SFGG805PFL,-1,-0.1663,AE82501 ↔ SFGG805PFL
AE82501,SFGG805PFL,0,0.9487,AE82501 ↔ SFGG805PFL
AE82501,SFGG805PFL,1,-0.1198,AE82501 ↔ SFGG805PFL
AE82501,SFGG805PFL,2,-0.04,AE82501 ↔ SFGG805PFL
AE82501,SFGG805PFL,3,-0.0581,AE82501 ↔ SFGG805PFL
AE82501,SFGG805PFL,4,-0.2047,AE82501 ↔ SFGG805PFL
AE82501,SFGG805PFL,5,0.1299,AE82501 ↔ SFGG805PFL
AE82501,SFGG805PFL,6,0.0539,AE82501 ↔ SFGG805PFL
ME6632L,ME6632XL,-6,-0.0279,ME6632L ↔ ME6632XL
ME6632L,ME6632XL,-5,0.0833,ME6632L ↔ ME6632XL
ME6632L,ME6632XL,-4,-0.1114,ME6632L ↔ ME6632XL
ME6632L,ME6632XL,-3,0.2607,ME6632L ↔ ME6632XL
ME6632L,ME6632XL,-2,0.5273,ME6632L ↔ ME6632XL
ME6632L,ME6632XL,-1,0.5504,ME6632L ↔ ME6632XL
ME6632L,ME6632XL,0,0.9387,ME6632L ↔ ME6632XL
ME6632L,ME6632XL,1,-0.3968,ME6632L ↔ ME6632XL
ME6632L,ME6632XL,2,-0.0779,ME6632L ↔ ME6632XL
ME6632L,ME6632XL,3,-0.2814,ME6632L ↔ ME6632XL
ME6632L,ME6632XL,4,-0.2228,ME6632L ↔ ME6632XL
ME6632L,ME6632XL,5,0.1121,ME6632L ↔ ME6632XL
ME6632L,ME6632XL,6,-0.068,ME6632L ↔ ME6632XL
ME6632M,UVSVP401,-6,0.1759,ME6632M ↔ UVSVP401
ME6632M,UVSVP401,-5,0.3304,ME6632M ↔ UVSVP401
ME6632M,UVSVP401,-4,0.7174,ME6632M ↔ UVSVP401
ME6632M,UVSVP401,-3,0.4438,ME6632M ↔ UVSVP401
ME6632M,UVSVP401,-2,0.8208,ME6632M ↔ UVSVP401
ME6632M,UVSVP401,-1,-0.0867,ME6632M ↔ UVSVP401
ME6632M,UVSVP401,0,0.936,ME6632M ↔ UVSVP401
ME6632M,UVSVP401,1,0.191,ME6632M ↔ UVSVP401
ME6632M,UVSVP401,2,0.1328,ME6632M ↔ UVSVP401
ME6632M,UVSVP401,3,0.0456,ME6632M ↔ UVSVP401
ME6632M,UVSVP401,4,-0.1389,ME6632M ↔ UVSVP401
ME6632M,UVSVP401,5,-0.0333,ME6632M ↔ UVSVP401
ME6632M,UVSVP401,6,0.2752,ME6632M ↔ UVSVP401
MESX9667L,PIP42-874,-6,0.1703,MESX9667L ↔ PIP42-874
MESX9667L,PIP42-874,-5,0.0422,MESX9667L ↔ PIP42-874
MESX9667L,PIP42-874,-4,-0.0836,MESX9667L ↔ PIP42-874
MESX9667L,PIP42-874,-3,0.059,MESX9667L ↔ PIP42-874
MESX9667L,PIP42-874,-2,-0.0291,MESX9667L ↔ PIP42-874
MESX9667L,PIP42-874,-1,0.2884,MESX9667L ↔ PIP42-874
MESX9667L,PIP42-874,0,0.934,MESX9667L ↔ PIP42-874
MESX9667L,PIP42-874,1,0.2829,MESX9667L ↔ PIP42-874
MESX9667L,PIP42-874,2,0.1317,MESX9667L ↔ PIP42-874
MESX9667L,PIP42-874,3,-0.0205,MESX9667L ↔ PIP42-874
MESX9667L,PIP42-874,4,-0.1366,MESX9667L ↔ PIP42-874
MESX9667L,PIP42-874,5,0.2213,MESX9667L ↔ PIP42-874
MESX9667L,PIP42-874,6,0.13,MESX9667L ↔ PIP42-874
ME6632XL,UVSVP401,-6,-0.0543,ME6632XL ↔ UVSVP401
ME6632XL,UVSVP401,-5,0.4114,ME6632XL ↔ UVSVP401
ME6632XL,UVSVP401,-4,0.6566,ME6632XL ↔ UVSVP401
ME6632XL,UVSVP401,-3,0.3691,ME6632XL ↔ UVSVP401
ME6632XL,UVSVP401,-2,0.9752,ME6632XL ↔ UVSVP401
ME6632XL,UVSVP401,-1,-0.1514,ME6632XL ↔ UVSVP401
ME6632XL,UVSVP401,0,0.9338,ME6632XL ↔ UVSVP401
ME6632XL,UVSVP401,1,0.2237,ME6632XL ↔ UVSVP401
ME6632XL,UVSVP401,2,0.2309,ME6632XL ↔ UVSVP401
ME6632XL,UVSVP401,3,0.1046,ME6632XL ↔ UVSVP401
ME6632XL,UVSVP401,4,-0.1435,ME6632XL ↔ UVSVP401
ME6632XL,UVSVP401,5,0.016,ME6632XL ↔ UVSVP401
ME6632XL,UVSVP401,6,0.1376,ME6632XL ↔ UVSVP401
ME6632L,PIP33-BLK125BPM,-6,-0.0029,ME6632L ↔ PIP33-BLK125BPM
ME6632L,PIP33-BLK125BPM,-5,0.496,ME6632L ↔ PIP33-BLK125BPM
ME6632L,PIP33-BLK125BPM,-4,0.5716,ME6632L ↔ PIP33-BLK125BPM
ME6632L,PIP33-BLK125BPM,-3,0.4147,ME6632L ↔ PIP33-BLK125BPM
ME6632L,PIP33-BLK125BPM,-2,-0.2108,ME6632L ↔ PIP33-BLK125BPM
ME6632L,PIP33-BLK125BPM,-1,-0.3899,ME6632L ↔ PIP33-BLK125BPM
ME6632L,PIP33-BLK125BPM,0,0.9303,ME6632L ↔ PIP33-BLK125BPM
ME6632L,PIP33-BLK125BPM,1,0.4342,ME6632L ↔ PIP33-BLK125BPM
ME6632L,PIP33-BLK125BPM,2,0.0391,ME6632L ↔ PIP33-BLK125BPM
ME6632L,PIP33-BLK125BPM,3,-0.1623,ME6632L ↔ PIP33-BLK125BPM
ME6632L,PIP33-BLK125BPM,4,-0.351,ME6632L ↔ PIP33-BLK125BPM
ME6632L,PIP33-BLK125BPM,5,0.0011,ME6632L ↔ PIP33-BLK125BPM
ME6632L,PIP33-BLK125BPM,6,-0.0608,ME6632L ↔ PIP33-BLK125BPM
GECS826TL,XS3M501,-6,,GECS826TL ↔ XS3M501
GECS826TL,XS3M501,-5,,GECS826TL ↔ XS3M501
GECS826TL,XS3M501,-4,,GECS826TL ↔ XS3M501
GECS826TL,XS3M501,-3,,GECS826TL ↔ XS3M501
GECS826TL,XS3M501,-2,,GECS826TL ↔ XS3M501
GECS826TL,XS3M501,-1,,GECS826TL ↔ XS3M501
GECS826TL,XS3M501,0,0.9252,GECS826TL ↔ XS3M501
GECS826TL,XS3M501,1,-0.0348,GECS826TL ↔ XS3M501
GECS826TL,XS3M501,2,,GECS826TL ↔ XS3M501
GECS826TL,XS3M501,3,,GECS826TL ↔ XS3M501
GECS826TL,XS3M501,4,,GECS826TL ↔ XS3M501
GECS826TL,XS3M501,5,,GECS826TL ↔ XS3M501
GECS826TL,XS3M501,6,,GECS826TL ↔ XS3M501
ME6632XL,PIP33-BLK125BPM,-6,-0.0764,ME6632XL ↔ PIP33-BLK125BPM
ME6632XL,PIP33-BLK125BPM,-5,0.4283,ME6632XL ↔ PIP33-BLK125BPM
ME6632XL,PIP33-BLK125BPM,-4,0.6295,ME6632XL ↔ PIP33-BLK125BPM
ME6632XL,PIP33-BLK125BPM,-3,0.3009,ME6632XL ↔ PIP33-BLK125BPM
ME6632XL,PIP33-BLK125BPM,-2,0.9527,ME6632XL ↔ PIP33-BLK125BPM
ME6632XL,PIP33-BLK125BPM,-1,-0.2297,ME6632XL ↔ PIP33-BLK125BPM
ME6632XL,PIP33-BLK125BPM,0,0.923,ME6632XL ↔ PIP33-BLK125BPM
ME6632XL,PIP33-BLK125BPM,1,0.3706,ME6632XL ↔ PIP33-BLK125BPM
ME6632XL,PIP33-BLK125BPM,2,0.4964,ME6632XL ↔ PIP33-BLK125BPM
ME6632XL,PIP33-BLK125BPM,3,0.3319,ME6632XL ↔ PIP33-BLK125BPM
ME6632XL,PIP33-BLK125BPM,4,-0.1202,ME6632XL ↔ PIP33-BLK125BPM
ME6632XL,PIP33-BLK125BPM,5,0.1513,ME6632XL ↔ PIP33-BLK125BPM
ME6632XL,PIP33-BLK125BPM,6,-0.0693,ME6632XL ↔ PIP33-BLK125BPM
ME6632L,ME6632M,-6,0.1238,ME6632L ↔ ME6632M
ME6632L,ME6632M,-5,0.006,ME6632L ↔ ME6632M
ME6632L,ME6632M,-4,-0.1479,ME6632L ↔ ME6632M
ME6632L,ME6632M,-3,0.1798,ME6632L ↔ ME6632M
ME6632L,ME6632M,-2,0.4696,ME6632L ↔ ME6632M
ME6632L,ME6632M,-1,0.6665,ME6632L ↔ ME6632M
ME6632L,ME6632M,0,0.9222,ME6632L ↔ ME6632M
ME6632L,ME6632M,1,-0.1377,ME6632L ↔ ME6632M
ME6632L,ME6632M,2,-0.1029,ME6632L ↔ ME6632M
ME6632L,ME6632M,3,-0.3168,ME6632L ↔ ME6632M
ME6632L,ME6632M,4,-0.3195,ME6632L ↔ ME6632M
ME6632L,ME6632M,5,-0.0629,ME6632L ↔ ME6632M
ME6632L,ME6632M,6,0.119,ME6632L ↔ ME6632M
AN16-650T9,PIP33-BLK125BPXS,-6,-0.0917,AN16-650T9 ↔ PIP33-BLK125BPXS
AN16-650T9,PIP33-BLK125BPXS,-5,0.0131,AN16-650T9 ↔ PIP33-BLK125BPXS
AN16-650T9,PIP33-BLK125BPXS,-4,-0.1435,AN16-650T9 ↔ PIP33-BLK125BPXS
AN16-650T9,PIP33-BLK125BPXS,-3,-0.0718,AN16-650T9 ↔ PIP33-BLK125BPXS
AN16-650T9,PIP33-BLK125BPXS,-2,-0.1533,AN16-650T9 ↔ PIP33-BLK125BPXS
AN16-650T9,PIP33-BLK125BPXS,-1,0.3101,AN16-650T9 ↔ PIP33-BLK125BPXS
AN16-650T9,PIP33-BLK125BPXS,0,0.9193,AN16-650T9 ↔ PIP33-BLK125BPXS
AN16-650T9,PIP33-BLK125BPXS,1,-0.0093,AN16-650T9 ↔ PIP33-BLK125BPXS
AN16-650T9,PIP33-BLK125BPXS,2,0.0462,AN16-650T9 ↔ PIP33-BLK125BPXS
AN16-650T9,PIP33-BLK125BPXS,3,-0.04,AN16-650T9 ↔ PIP33-BLK125BPXS
AN16-650T9,PIP33-BLK125BPXS,4,-0.0678,AN16-650T9 ↔ PIP33-BLK125BPXS
AN16-650T9,PIP33-BLK125BPXS,5,0.0258,AN16-650T9 ↔ PIP33-BLK125BPXS
AN16-650T9,PIP33-BLK125BPXS,6,-0.1948,AN16-650T9 ↔ PIP33-BLK125BPXS
CRST1130,UVSVP401,-6,-0.0964,CRST1130 ↔ UVSVP401
CRST1130,UVSVP401,-5,0.0309,CRST1130 ↔ UVSVP401
CRST1130,UVSVP401,-4,0.4212,CRST1130 ↔ UVSVP401
CRST1130,UVSVP401,-3,0.4017,CRST1130 ↔ UVSVP401
CRST1130,UVSVP401,-2,0.6929,CRST1130 ↔ UVSVP401
CRST1130,UVSVP401,-1,-0.2654,CRST1130 ↔ UVSVP401
CRST1130,UVSVP401,0,0.9178,CRST1130 ↔ UVSVP401
CRST1130,UVSVP401,1,-0.0399,CRST1130 ↔ UVSVP401
CRST1130,UVSVP401,2,0.0496,CRST1130 ↔ UVSVP401
CRST1130,UVSVP401,3,-0.0553,CRST1130 ↔ UVSVP401
CRST1130,UVSVP401,4,-0.2227,CRST1130 ↔ UVSVP401
CRST1130,UVSVP401,5,-0.0182,CRST1130 ↔ UVSVP401
CRST1130,UVSVP401,6,0.1333,CRST1130 ↔ UVSVP401
CRST1130,PIP33-BLK125BPS,-6,-0.1022,CRST1130 ↔ PIP33-BLK125BPS
CRST1130,PIP33-BLK125BPS,-5,0.0679,CRST1130 ↔ PIP33-BLK125BPS
CRST1130,PIP33-BLK125BPS,-4,0.4329,CRST1130 ↔ PIP33-BLK125BPS
CRST1130,PIP33-BLK125BPS,-3,0.4013,CRST1130 ↔ PIP33-BLK125BPS
CRST1130,PIP33-BLK125BPS,-2,0.6453,CRST1130 ↔ PIP33-BLK125BPS
CRST1130,PIP33-BLK125BPS,-1,-0.2978,CRST1130 ↔ PIP33-BLK125BPS
CRST1130,PIP33-BLK125BPS,0,0.9102,CRST1130 ↔ PIP33-BLK125BPS
CRST1130,PIP33-BLK125BPS,1,0.295,CRST1130 ↔ PIP33-BLK125BPS
CRST1130,PIP33-BLK125BPS,2,0.3037,CRST1130 ↔ PIP33-BLK125BPS
CRST1130,PIP33-BLK125BPS,3,0.0188,CRST1130 ↔ PIP33-BLK125BPS
CRST1130,PIP33-BLK125BPS,4,-0.2297,CRST1130 ↔ PIP33-BLK125BPS
CRST1130,PIP33-BLK125BPS,5,0.0093,CRST1130 ↔ PIP33-BLK125BPS
CRST1130,PIP33-BLK125BPS,6,-0.0027,CRST1130 ↔ PIP33-BLK125BPS
3M5N11,3m6001PR,-6,-0.1988,3M5N11 ↔ 3m6001PR
3M5N11,3m6001PR,-5,0.0215,3M5N11 ↔ 3m6001PR
3M5N11,3m6001PR,-4,-0.1968,3M5N11 ↔ 3m6001PR
3M5N11,3m6001PR,-3,0.2378,3M5N11 ↔ 3m6001PR
3M5N11,3m6001PR,-2,-0.0819,3M5N11 ↔ 3m6001PR
3M5N11,3m6001PR,-1,-0.2137,3M5N11 ↔ 3m6001PR
3M5N11,3m6001PR,0,0.9097,3M5N11 ↔ 3m6001PR
3M5N11,3m6001PR,1,-0.2779,3M5N11 ↔ 3m6001PR
3M5N11,3m6001PR,2,-0.0118,3M5N11 ↔ 3m6001PR
3M5N11,3m6001PR,3,0.2051,3M5N11 ↔ 3m6001PR
3M5N11,3m6001PR,4,-0.1712,3M5N11 ↔ 3m6001PR
3M5N11,3m6001PR,5,0.2191,3M5N11 ↔ 3m6001PR
3M5N11,3m6001PR,6,-0.3347,3M5N11 ↔ 3m6001PR
3M1292TY,MESX200LH,-6,0.0607,3M1292TY ↔ MESX200LH
3M1292TY,MESX200LH,-5,0.0806,3M1292TY ↔ MESX200LH
3M1292TY,MESX200LH,-4,-0.2694,3M1292TY ↔ MESX200LH
3M1292TY,MESX200LH,-3,0.1497,3M1292TY ↔ MESX200LH
3M1292TY,MESX200LH,-2,-0.1558,3M1292TY ↔ MESX200LH
3M1292TY,MESX200LH,-1,-0.0157,3M1292TY ↔ MESX200LH
3M1292TY,MESX200LH,0,0.909,3M1292TY ↔ MESX200LH
3M1292TY,MESX200LH,1,-0.1037,3M1292TY ↔ MESX200LH
3M1292TY,MESX200LH,2,-0.0386,3M1292TY ↔ MESX200LH
3M1292TY,MESX200LH,3,0.043,3M1292TY ↔ MESX200LH
3M1292TY,MESX200LH,4,-0.1524,3M1292TY ↔ MESX200LH
3M1292TY,MESX200LH,5,-0.0238,3M1292TY ↔ MESX200LH
3M1292TY,MESX200LH,6,-0.0446,3M1292TY ↔ MESX200LH
ME6632M,PIP33-BLK125BPS,-6,0.1843,ME6632M ↔ PIP33-BLK125BPS
ME6632M,PIP33-BLK125BPS,-5,0.3303,ME6632M ↔ PIP33-BLK125BPS
ME6632M,PIP33-BLK125BPS,-4,0.7062,ME6632M ↔ PIP33-BLK125BPS
ME6632M,PIP33-BLK125BPS,-3,0.43,ME6632M ↔ PIP33-BLK125BPS
ME6632M,PIP33-BLK125BPS,-2,0.7855,ME6632M ↔ PIP33-BLK125BPS
ME6632M,PIP33-BLK125BPS,-1,-0.1012,ME6632M ↔ PIP33-BLK125BPS
ME6632M,PIP33-BLK125BPS,0,0.9087,ME6632M ↔ PIP33-BLK125BPS
ME6632M,PIP33-BLK125BPS,1,0.4962,ME6632M ↔ PIP33-BLK125BPS
ME6632M,PIP33-BLK125BPS,2,0.3723,ME6632M ↔ PIP33-BLK125BPS
ME6632M,PIP33-BLK125BPS,3,0.2137,ME6632M ↔ PIP33-BLK125BPS
ME6632M,PIP33-BLK125BPS,4,-0.12,ME6632M ↔ PIP33-BLK125BPS
ME6632M,PIP33-BLK125BPS,5,0.0224,ME6632M ↔ PIP33-BLK125BPS
ME6632M,PIP33-BLK125BPS,6,0.1874,ME6632M ↔ PIP33-BLK125BPS
PIP42-874,SFPUG09VMT,-6,0.1291,PIP42-874 ↔ SFPUG09VMT
PIP42-874,SFPUG09VMT,-5,0.2531,PIP42-874 ↔ SFPUG09VMT
PIP42-874,SFPUG09VMT,-4,-0.2649,PIP42-874 ↔ SFPUG09VMT
PIP42-874,SFPUG09VMT,-3,-0.0215,PIP42-874 ↔ SFPUG09VMT
PIP42-874,SFPUG09VMT,-2,0.0984,PIP42-874 ↔ SFPUG09VMT
PIP42-874,SFPUG09VMT,-1,0.2869,PIP42-874 ↔ SFPUG09VMT
PIP42-874,SFPUG09VMT,0,0.9061,PIP42-874 ↔ SFPUG09VMT
PIP42-874,SFPUG09VMT,1,0.0348,PIP42-874 ↔ SFPUG09VMT
PIP42-874,SFPUG09VMT,2,-0.0145,PIP42-874 ↔ SFPUG09VMT
PIP42-874,SFPUG09VMT,3,-0.0052,PIP42-874 ↔ SFPUG09VMT
PIP42-874,SFPUG09VMT,4,-0.0316,PIP42-874 ↔ SFPUG09VMT
PIP42-874,SFPUG09VMT,5,0.051,PIP42-874 ↔ SFPUG09VMT
PIP42-874,SFPUG09VMT,6,0.0908,PIP42-874 ↔ SFPUG09VMT
XS3M6003-TY,XS3M7502TY,-6,-0.0023,XS3M6003-TY ↔ XS3M7502TY
XS3M6003-TY,XS3M7502TY,-5,0.1131,XS3M6003-TY ↔ XS3M7502TY
XS3M6003-TY,XS3M7502TY,-4,-0.059,XS3M6003-TY ↔ XS3M7502TY
XS3M6003-TY,XS3M7502TY,-3,0.0025,XS3M6003-TY ↔ XS3M7502TY
XS3M6003-TY,XS3M7502TY,-2,0.0075,XS3M6003-TY ↔ XS3M7502TY
XS3M6003-TY,XS3M7502TY,-1,-0.0509,XS3M6003-TY ↔ XS3M7502TY
XS3M6003-TY,XS3M7502TY,0,0.904,XS3M6003-TY ↔ XS3M7502TY
XS3M6003-TY,XS3M7502TY,1,-0.1133,XS3M6003-TY ↔ XS3M7502TY
XS3M6003-TY,XS3M7502TY,2,-0.0596,XS3M6003-TY ↔ XS3M7502TY
XS3M6003-TY,XS3M7502TY,3,0.0408,XS3M6003-TY ↔ XS3M7502TY
XS3M6003-TY,XS3M7502TY,4,-0.0301,XS3M6003-TY ↔ XS3M7502TY
XS3M6003-TY,XS3M7502TY,5,-0.0404,XS3M6003-TY ↔ XS3M7502TY
XS3M6003-TY,XS3M7502TY,6,0.0024,XS3M6003-TY ↔ XS3M7502TY
CRST1130,ME6632M,-6,0.4274,CRST1130 ↔ ME6632M
CRST1130,ME6632M,-5,-0.1449,CRST1130 ↔ ME6632M
CRST1130,ME6632M,-4,-0.1867,CRST1130 ↔ ME6632M
CRST1130,ME6632M,-3,-0.1453,CRST1130 ↔ ME6632M
CRST1130,ME6632M,-2,0.1778,CRST1130 ↔ ME6632M
CRST1130,ME6632M,-1,0.1931,CRST1130 ↔ ME6632M
CRST1130,ME6632M,0,0.904,CRST1130 ↔ ME6632M
CRST1130,ME6632M,1,0.0704,CRST1130 ↔ ME6632M
CRST1130,ME6632M,2,0.4781,CRST1130 ↔ ME6632M
CRST1130,ME6632M,3,-0.1018,CRST1130 ↔ ME6632M
CRST1130,ME6632M,4,-0.099,CRST1130 ↔ ME6632M
CRST1130,ME6632M,5,-0.1468,CRST1130 ↔ ME6632M
CRST1130,ME6632M,6,0.0102,CRST1130 ↔ ME6632M
JYR-2004N,MRSR-1060NJTL,-6,-0.054,JYR-2004N ↔ MRSR-1060NJTL
JYR-2004N,MRSR-1060NJTL,-5,0.3312,JYR-2004N ↔ MRSR-1060NJTL
JYR-2004N,MRSR-1060NJTL,-4,-0.1623,JYR-2004N ↔ MRSR-1060NJTL
JYR-2004N,MRSR-1060NJTL,-3,-0.1016,JYR-2004N ↔ MRSR-1060NJTL
JYR-2004N,MRSR-1060NJTL,-2,-0.3932,JYR-2004N ↔ MRSR-1060NJTL
JYR-2004N,MRSR-1060NJTL,-1,-0.4101,JYR-2004N ↔ MRSR-1060NJTL
JYR-2004N,MRSR-1060NJTL,0,0.8959,JYR-2004N ↔ MRSR-1060NJTL
JYR-2004N,MRSR-1060NJTL,1,0.096,JYR-2004N ↔ MRSR-1060NJTL
JYR-2004N,MRSR-1060NJTL,2,-0.1682,JYR-2004N ↔ MRSR-1060NJTL
JYR-2004N,MRSR-1060NJTL,3,-0.1392,JYR-2004N ↔ MRSR-1060NJTL
JYR-2004N,MRSR-1060NJTL,4,-0.1258,JYR-2004N ↔ MRSR-1060NJTL
JYR-2004N,MRSR-1060NJTL,5,-0.4177,JYR-2004N ↔ MRSR-1060NJTL
JYR-2004N,MRSR-1060NJTL,6,0.1858,JYR-2004N ↔ MRSR-1060NJTL
GECS826TL,XS3M7502TY,-6,,GECS826TL ↔ XS3M7502TY
GECS826TL,XS3M7502TY,-5,,GECS826TL ↔ XS3M7502TY
GECS826TL,XS3M7502TY,-4,,GECS826TL ↔ XS3M7502TY
GECS826TL,XS3M7502TY,-3,,GECS826TL ↔ XS3M7502TY
GECS826TL,XS3M7502TY,-2,,GECS826TL ↔ XS3M7502TY
GECS826TL,XS3M7502TY,-1,,GECS826TL ↔ XS3M7502TY
GECS826TL,XS3M7502TY,0,0.8957,GECS826TL ↔ XS3M7502TY
GECS826TL,XS3M7502TY,1,-0.559,GECS826TL ↔ XS3M7502TY
GECS826TL,XS3M7502TY,2,0.2711,GECS826TL ↔ XS3M7502TY
GECS826TL,XS3M7502TY,3,0.2845,GECS826TL ↔ XS3M7502TY
GECS826TL,XS3M7502TY,4,-0.5471,GECS826TL ↔ XS3M7502TY
GECS826TL,XS3M7502TY,5,-0.5092,GECS826TL ↔ XS3M7502TY
GECS826TL,XS3M7502TY,6,0.6544,GECS826TL ↔ XS3M7502TY
ME6632M,ME6632XL,-6,0.0078,ME6632M ↔ ME6632XL
ME6632M,ME6632XL,-5,-0.0289,ME6632M ↔ ME6632XL
ME6632M,ME6632XL,-4,0.0734,ME6632M ↔ ME6632XL
ME6632M,ME6632XL,-3,0.1368,ME6632M ↔ ME6632XL
ME6632M,ME6632XL,-2,0.6064,ME6632M ↔ ME6632XL
ME6632M,ME6632XL,-1,0.2308,ME6632M ↔ ME6632XL
ME6632M,ME6632XL,0,0.8917,ME6632M ↔ ME6632XL
ME6632M,ME6632XL,1,-0.0128,ME6632M ↔ ME6632XL
ME6632M,ME6632XL,2,0.5161,ME6632M ↔ ME6632XL
ME6632M,ME6632XL,3,0.129,ME6632M ↔ ME6632XL
ME6632M,ME6632XL,4,-0.1058,ME6632M ↔ ME6632XL
ME6632M,ME6632XL,5,0.053,ME6632M ↔ ME6632XL
ME6632M,ME6632XL,6,0.0773,ME6632M ↔ ME6632XL
PIP42-874,SFPUG111VMT,-6,0.0907,PIP42-874 ↔ SFPUG111VMT
PIP42-874,SFPUG111VMT,-5,0.261,PIP42-874 ↔ SFPUG111VMT
PIP42-874,SFPUG111VMT,-4,-0.2745,PIP42-874 ↔ SFPUG111VMT
PIP42-874,SFPUG111VMT,-3,-0.0061,PIP42-874 ↔ SFPUG111VMT
PIP42-874,SFPUG111VMT,-2,0.1069,PIP42-874 ↔ SFPUG111VMT
PIP42-874,SFPUG111VMT,-1,0.2722,PIP42-874 ↔ SFPUG111VMT
PIP42-874,SFPUG111VMT,0,0.8861,PIP42-874 ↔ SFPUG111VMT
PIP42-874,SFPUG111VMT,1,-0.0079,PIP42-874 ↔ SFPUG111VMT
PIP42-874,SFPUG111VMT,2,-0.0079,PIP42-874 ↔ SFPUG111VMT
PIP42-874,SFPUG111VMT,3,-0.0581,PIP42-874 ↔ SFPUG111VMT
PIP42-874,SFPUG111VMT,4,-0.0565,PIP42-874 ↔ SFPUG111VMT
PIP42-874,SFPUG111VMT,5,-0.0001,PIP42-874 ↔ SFPUG111VMT
PIP42-874,SFPUG111VMT,6,0.0771,PIP42-874 ↔ SFPUG111VMT
MOM2700,UVSVP400,-6,0.2126,MOM2700 ↔ UVSVP400
MOM2700,UVSVP400,-5,-0.1386,MOM2700 ↔ UVSVP400
MOM2700,UVSVP400,-4,-0.2486,MOM2700 ↔ UVSVP400
MOM2700,UVSVP400,-3,-0.0125,MOM2700 ↔ UVSVP400
MOM2700,UVSVP400,-2,0.0227,MOM2700 ↔ UVSVP400
MOM2700,UVSVP400,-1,-0.1102,MOM2700 ↔ UVSVP400
MOM2700,UVSVP400,0,0.8839,MOM2700 ↔ UVSVP400
MOM2700,UVSVP400,1,-0.1247,MOM2700 ↔ UVSVP400
MOM2700,UVSVP400,2,0.0898,MOM2700 ↔ UVSVP400
MOM2700,UVSVP400,3,0.0424,MOM2700 ↔ UVSVP400
MOM2700,UVSVP400,4,-0.3193,MOM2700 ↔ UVSVP400
MOM2700,UVSVP400,5,0.0635,MOM2700 ↔ UVSVP400
MOM2700,UVSVP400,6,0.3016,MOM2700 ↔ UVSVP400
ME6632L,UVSVP401,-6,-0.0211,ME6632L ↔ UVSVP401
ME6632L,UVSVP401,-5,0.4809,ME6632L ↔ UVSVP401
ME6632L,UVSVP401,-4,0.6183,ME6632L ↔ UVSVP401
ME6632L,UVSVP401,-3,0.4843,ME6632L ↔ UVSVP401
ME6632L,UVSVP401,-2,0.515,ME6632L ↔ UVSVP401
ME6632L,UVSVP401,-1,-0.2934,ME6632L ↔ UVSVP401
ME6632L,UVSVP401,0,0.8834,ME6632L ↔ UVSVP401
ME6632L,UVSVP401,1,-0.3797,ME6632L ↔ UVSVP401
ME6632L,UVSVP401,2,-0.362,ME6632L ↔ UVSVP401
ME6632L,UVSVP401,3,-0.1716,ME6632L ↔ UVSVP401
ME6632L,UVSVP401,4,-0.1821,ME6632L ↔ UVSVP401
ME6632L,UVSVP401,5,0.0769,ME6632L ↔ UVSVP401
ME6632L,UVSVP401,6,0.2153,ME6632L ↔ UVSVP401
ME9683M,MESX200LH,-6,0.0747,ME9683M ↔ MESX200LH
ME9683M,MESX200LH,-5,-0.0182,ME9683M ↔ MESX200LH
ME9683M,MESX200LH,-4,-0.0978,ME9683M ↔ MESX200LH
ME9683M,MESX200LH,-3,0.0071,ME9683M ↔ MESX200LH
ME9683M,MESX200LH,-2,-0.1533,ME9683M ↔ MESX200LH
ME9683M,MESX200LH,-1,-0.1217,ME9683M ↔ MESX200LH
ME9683M,MESX200LH,0,0.8817,ME9683M ↔ MESX200LH
ME9683M,MESX200LH,1,-0.1331,ME9683M ↔ MESX200LH
ME9683M,MESX200LH,2,-0.041,ME9683M ↔ MESX200LH
ME9683M,MESX200LH,3,0.0932,ME9683M ↔ MESX200LH
ME9683M,MESX200LH,4,-0.225,ME9683M ↔ MESX200LH
ME9683M,MESX200LH,5,0.0102,ME9683M ↔ MESX200LH
ME9683M,MESX200LH,6,0.0997,ME9683M ↔ MESX200LH
PIP33-BLK125BPM,UVS4040,-6,-0.0875,PIP33-BLK125BPM ↔ UVS4040
PIP33-BLK125BPM,UVS4040,-5,0.1428,PIP33-BLK125BPM ↔ UVS4040
PIP33-BLK125BPM,UVS4040,-4,-0.0564,PIP33-BLK125BPM ↔ UVS4040
PIP33-BLK125BPM,UVS4040,-3,0.3483,PIP33-BLK125BPM ↔ UVS4040
PIP33-BLK125BPM,UVS4040,-2,0.5086,PIP33-BLK125BPM ↔ UVS4040
PIP33-BLK125BPM,UVS4040,-1,0.3065,PIP33-BLK125BPM ↔ UVS4040
PIP33-BLK125BPM,UVS4040,0,0.8811,PIP33-BLK125BPM ↔ UVS4040
PIP33-BLK125BPM,UVS4040,1,-0.198,PIP33-BLK125BPM ↔ UVS4040
PIP33-BLK125BPM,UVS4040,2,0.9738,PIP33-BLK125BPM ↔ UVS4040
PIP33-BLK125BPM,UVS4040,3,0.3011,PIP33-BLK125BPM ↔ UVS4040
PIP33-BLK125BPM,UVS4040,4,0.5182,PIP33-BLK125BPM ↔ UVS4040
PIP33-BLK125BPM,UVS4040,5,0.1455,PIP33-BLK125BPM ↔ UVS4040
PIP33-BLK125BPM,UVS4040,6,-0.1136,PIP33-BLK125BPM ↔ UVS4040
AN48-129T10,AN48-129T7,-6,0.0075,AN48-129T10 ↔ AN48-129T7
AN48-129T10,AN48-129T7,-5,0.3354,AN48-129T10 ↔ AN48-129T7
AN48-129T10,AN48-129T7,-4,-0.1305,AN48-129T10 ↔ AN48-129T7
AN48-129T10,AN48-129T7,-3,0.0554,AN48-129T10 ↔ AN48-129T7
AN48-129T10,AN48-129T7,-2,-0.1873,AN48-129T10 ↔ AN48-129T7
AN48-129T10,AN48-129T7,-1,-0.0498,AN48-129T10 ↔ AN48-129T7
AN48-129T10,AN48-129T7,0,0.8808,AN48-129T10 ↔ AN48-129T7
AN48-129T10,AN48-129T7,1,-0.3275,AN48-129T10 ↔ AN48-129T7
AN48-129T10,AN48-129T7,2,-0.1475,AN48-129T10 ↔ AN48-129T7
AN48-129T10,AN48-129T7,3,0.1649,AN48-129T10 ↔ AN48-129T7
AN48-129T10,AN48-129T7,4,0.3825,AN48-129T10 ↔ AN48-129T7
AN48-129T10,AN48-129T7,5,0.203,AN48-129T10 ↔ AN48-129T7
AN48-129T10,AN48-129T7,6,-0.0705,AN48-129T10 ↔ AN48-129T7
MESX9378KCTV,XS3M501,-6,-0.1008,MESX9378KCTV ↔ XS3M501
MESX9378KCTV,XS3M501,-5,0.0264,MESX9378KCTV ↔ XS3M501
MESX9378KCTV,XS3M501,-4,0.1442,MESX9378KCTV ↔ XS3M501
MESX9378KCTV,XS3M501,-3,-0.1044,MESX9378KCTV ↔ XS3M501
MESX9378KCTV,XS3M501,-2,-0.0633,MESX9378KCTV ↔ XS3M501
MESX9378KCTV,XS3M501,-1,-0.1776,MESX9378KCTV ↔ XS3M501
MESX9378KCTV,XS3M501,0,0.8786,MESX9378KCTV ↔ XS3M501
MESX9378KCTV,XS3M501,1,-0.0528,MESX9378KCTV ↔ XS3M501
MESX9378KCTV,XS3M501,2,0.0206,MESX9378KCTV ↔ XS3M501
MESX9378KCTV,XS3M501,3,-0.0634,MESX9378KCTV ↔ XS3M501
MESX9378KCTV,XS3M501,4,-0.0562,MESX9378KCTV ↔ XS3M501
MESX9378KCTV,XS3M501,5,-0.0239,MESX9378KCTV ↔ XS3M501
MESX9378KCTV,XS3M501,6,-0.0356,MESX9378KCTV ↔ XS3M501
UVS4040,UVSVP401,-6,-0.0779,UVS4040 ↔ UVSVP401
UVS4040,UVSVP401,-5,0.1108,UVS4040 ↔ UVSVP401
UVS4040,UVSVP401,-4,0.508,UVS4040 ↔ UVSVP401
UVS4040,UVSVP401,-3,0.3293,UVS4040 ↔ UVSVP401
UVS4040,UVSVP401,-2,0.9785,UVS4040 ↔ UVSVP401
UVS4040,UVSVP401,-1,-0.1282,UVS4040 ↔ UVSVP401
UVS4040,UVSVP401,0,0.8778,UVS4040 ↔ UVSVP401
UVS4040,UVSVP401,1,0.2679,UVS4040 ↔ UVSVP401
UVS4040,UVSVP401,2,0.2856,UVS4040 ↔ UVSVP401
UVS4040,UVSVP401,3,0.1096,UVS4040 ↔ UVSVP401
UVS4040,UVSVP401,4,-0.1186,UVS4040 ↔ UVSVP401
UVS4040,UVSVP401,5,0.0143,UVS4040 ↔ UVSVP401
UVS4040,UVSVP401,6,0.0769,UVS4040 ↔ UVSVP401
GIA2005B,MESX9667L,-6,0.0847,GIA2005B ↔ MESX9667L
GIA2005B,MESX9667L,-5,0.1193,GIA2005B ↔ MESX9667L
GIA2005B,MESX9667L,-4,-0.1117,GIA2005B ↔ MESX9667L
GIA2005B,MESX9667L,-3,-0.1216,GIA2005B ↔ MESX9667L
GIA2005B,MESX9667L,-2,0.0469,GIA2005B ↔ MESX9667L
GIA2005B,MESX9667L,-1,0.4316,GIA2005B ↔ MESX9667L
GIA2005B,MESX9667L,0,0.8753,GIA2005B ↔ MESX9667L
GIA2005B,MESX9667L,1,0.1353,GIA2005B ↔ MESX9667L
GIA2005B,MESX9667L,2,-0.0544,GIA2005B ↔ MESX9667L
GIA2005B,MESX9667L,3,-0.0501,GIA2005B ↔ MESX9667L
GIA2005B,MESX9667L,4,-0.1387,GIA2005B ↔ MESX9667L
GIA2005B,MESX9667L,5,0.2166,GIA2005B ↔ MESX9667L
GIA2005B,MESX9667L,6,0.126,GIA2005B ↔ MESX9667L
ME6632L,UVS4040,-6,-0.0796,ME6632L ↔ UVS4040
ME6632L,UVS4040,-5,0.0837,ME6632L ↔ UVS4040
ME6632L,UVS4040,-4,-0.0491,ME6632L ↔ UVS4040
ME6632L,UVS4040,-3,0.3055,ME6632L ↔ UVS4040
ME6632L,UVS4040,-2,0.5441,ME6632L ↔ UVS4040
ME6632L,UVS4040,-1,0.4912,ME6632L ↔ UVS4040
ME6632L,UVS4040,0,0.8677,ME6632L ↔ UVS4040
ME6632L,UVS4040,1,-0.4808,ME6632L ↔ UVS4040
ME6632L,UVS4040,2,-0.2384,ME6632L ↔ UVS4040
ME6632L,UVS4040,3,-0.1786,ME6632L ↔ UVS4040
ME6632L,UVS4040,4,-0.0405,ME6632L ↔ UVS4040
ME6632L,UVS4040,5,0.1725,ME6632L ↔ UVS4040
ME6632L,UVS4040,6,0.0331,ME6632L ↔ UVS4040
GIA2005B,SFPUG111VMT,-6,0.0613,GIA2005B ↔ SFPUG111VMT
GIA2005B,SFPUG111VMT,-5,0.1772,GIA2005B ↔ SFPUG111VMT
GIA2005B,SFPUG111VMT,-4,-0.1685,GIA2005B ↔ SFPUG111VMT
GIA2005B,SFPUG111VMT,-3,-0.1048,GIA2005B ↔ SFPUG111VMT
GIA2005B,SFPUG111VMT,-2,0.0358,GIA2005B ↔ SFPUG111VMT
GIA2005B,SFPUG111VMT,-1,0.3723,GIA2005B ↔ SFPUG111VMT
GIA2005B,SFPUG111VMT,0,0.8616,GIA2005B ↔ SFPUG111VMT
GIA2005B,SFPUG111VMT,1,-0.1313,GIA2005B ↔ SFPUG111VMT
GIA2005B,SFPUG111VMT,2,-0.0383,GIA2005B ↔ SFPUG111VMT
GIA2005B,SFPUG111VMT,3,-0.1375,GIA2005B ↔ SFPUG111VMT
GIA2005B,SFPUG111VMT,4,-0.0623,GIA2005B ↔ SFPUG111VMT
GIA2005B,SFPUG111VMT,5,0.0677,GIA2005B ↔ SFPUG111VMT
GIA2005B,SFPUG111VMT,6,0.0636,GIA2005B ↔ SFPUG111VMT
ME9683M,UVSVP400,-6,0.2257,ME9683M ↔ UVSVP400
ME9683M,UVSVP400,-5,-0.1145,ME9683M ↔ UVSVP400
ME9683M,UVSVP400,-4,-0.3047,ME9683M ↔ UVSVP400
ME9683M,UVSVP400,-3,0.1589,ME9683M ↔ UVSVP400
ME9683M,UVSVP400,-2,-0.0616,ME9683M ↔ UVSVP400
ME9683M,UVSVP400,-1,-0.2479,ME9683M ↔ UVSVP400
ME9683M,UVSVP400,0,0.8575,ME9683M ↔ UVSVP400
ME9683M,UVSVP400,1,-0.1958,ME9683M ↔ UVSVP400
ME9683M,UVSVP400,2,0.1436,ME9683M ↔ UVSVP400
ME9683M,UVSVP400,3,0.0057,ME9683M ↔ UVSVP400
ME9683M,UVSVP400,4,-0.2157,ME9683M ↔ UVSVP400
ME9683M,UVSVP400,5,0.0008,ME9683M ↔ UVSVP400
ME9683M,UVSVP400,6,0.2664,ME9683M ↔ UVSVP400
GIA2005B,SFPUG09VMT,-6,0.0729,GIA2005B ↔ SFPUG09VMT
GIA2005B,SFPUG09VMT,-5,0.1597,GIA2005B ↔ SFPUG09VMT
GIA2005B,SFPUG09VMT,-4,-0.1845,GIA2005B ↔ SFPUG09VMT
GIA2005B,SFPUG09VMT,-3,-0.0958,GIA2005B ↔ SFPUG09VMT
GIA2005B,SFPUG09VMT,-2,0.0124,GIA2005B ↔ SFPUG09VMT
GIA2005B,SFPUG09VMT,-1,0.4126,GIA2005B ↔ SFPUG09VMT
GIA2005B,SFPUG09VMT,0,0.8531,GIA2005B ↔ SFPUG09VMT
GIA2005B,SFPUG09VMT,1,-0.0668,GIA2005B ↔ SFPUG09VMT
GIA2005B,SFPUG09VMT,2,-0.0494,GIA2005B ↔ SFPUG09VMT
GIA2005B,SFPUG09VMT,3,-0.0789,GIA2005B ↔ SFPUG09VMT
GIA2005B,SFPUG09VMT,4,-0.0421,GIA2005B ↔ SFPUG09VMT
GIA2005B,SFPUG09VMT,5,0.1441,GIA2005B ↔ SFPUG09VMT
GIA2005B,SFPUG09VMT,6,0.0433,GIA2005B ↔ SFPUG09VMT
PIP33-BLK125BPXS,SRCRC12,-6,-0.3879,PIP33-BLK125BPXS ↔ SRCRC12
PIP33-BLK125BPXS,SRCRC12,-5,0.5594,PIP33-BLK125BPXS ↔ SRCRC12
PIP33-BLK125BPXS,SRCRC12,-4,-0.5115,PIP33-BLK125BPXS ↔ SRCRC12
PIP33-BLK125BPXS,SRCRC12,-3,-0.2623,PIP33-BLK125BPXS ↔ SRCRC12
PIP33-BLK125BPXS,SRCRC12,-2,-0.3057,PIP33-BLK125BPXS ↔ SRCRC12
PIP33-BLK125BPXS,SRCRC12,-1,-0.3888,PIP33-BLK125BPXS ↔ SRCRC12
PIP33-BLK125BPXS,SRCRC12,0,0.8513,PIP33-BLK125BPXS ↔ SRCRC12
PIP33-BLK125BPXS,SRCRC12,1,0.0836,PIP33-BLK125BPXS ↔ SRCRC12
PIP33-BLK125BPXS,SRCRC12,2,0.9733,PIP33-BLK125BPXS ↔ SRCRC12
PIP33-BLK125BPXS,SRCRC12,3,0.1687,PIP33-BLK125BPXS ↔ SRCRC12
PIP33-BLK125BPXS,SRCRC12,4,,PIP33-BLK125BPXS ↔ SRCRC12
PIP33-BLK125BPXS,SRCRC12,5,,PIP33-BLK125BPXS ↔ SRCRC12
PIP33-BLK125BPXS,SRCRC12,6,,PIP33-BLK125BPXS ↔ SRCRC12
JYG37510,SFPUG09VMT,-6,0.0909,JYG37510 ↔ SFPUG09VMT
JYG37510,SFPUG09VMT,-5,0.0617,JYG37510 ↔ SFPUG09VMT
JYG37510,SFPUG09VMT,-4,-0.2588,JYG37510 ↔ SFPUG09VMT
JYG37510,SFPUG09VMT,-3,0.0892,JYG37510 ↔ SFPUG09VMT
JYG37510,SFPUG09VMT,-2,-0.0796,JYG37510 ↔ SFPUG09VMT
JYG37510,SFPUG09VMT,-1,-0.0347,JYG37510 ↔ SFPUG09VMT
JYG37510,SFPUG09VMT,0,0.8491,JYG37510 ↔ SFPUG09VMT
JYG37510,SFPUG09VMT,1,-0.0354,JYG37510 ↔ SFPUG09VMT
JYG37510,SFPUG09VMT,2,-0.0565,JYG37510 ↔ SFPUG09VMT
JYG37510,SFPUG09VMT,3,0.0364,JYG37510 ↔ SFPUG09VMT
JYG37510,SFPUG09VMT,4,-0.2387,JYG37510 ↔ SFPUG09VMT
JYG37510,SFPUG09VMT,5,0.1455,JYG37510 ↔ SFPUG09VMT
JYG37510,SFPUG09VMT,6,0.1179,JYG37510 ↔ SFPUG09VMT
CRST1130,ME6632L,-6,0.3331,CRST1130 ↔ ME6632L
CRST1130,ME6632L,-5,0.2599,CRST1130 ↔ ME6632L
CRST1130,ME6632L,-4,-0.1545,CRST1130 ↔ ME6632L
CRST1130,ME6632L,-3,-0.3207,CRST1130 ↔ ME6632L
CRST1130,ME6632L,-2,-0.4126,CRST1130 ↔ ME6632L
CRST1130,ME6632L,-1,-0.2898,CRST1130 ↔ ME6632L
CRST1130,ME6632L,0,0.846,CRST1130 ↔ ME6632L
CRST1130,ME6632L,1,0.6178,CRST1130 ↔ ME6632L
CRST1130,ME6632L,2,0.421,CRST1130 ↔ ME6632L
CRST1130,ME6632L,3,-0.0029,CRST1130 ↔ ME6632L
CRST1130,ME6632L,4,-0.2505,CRST1130 ↔ ME6632L
CRST1130,ME6632L,5,-0.0853,CRST1130 ↔ ME6632L
CRST1130,ME6632L,6,-0.0667,CRST1130 ↔ ME6632L
PIP33-BLK125BPS,SRESM60V,-6,-0.1259,PIP33-BLK125BPS ↔ SRESM60V
PIP33-BLK125BPS,SRESM60V,-5,-0.132,PIP33-BLK125BPS ↔ SRESM60V
PIP33-BLK125BPS,SRESM60V,-4,-0.0179,PIP33-BLK125BPS ↔ SRESM60V
PIP33-BLK125BPS,SRESM60V,-3,0.0253,PIP33-BLK125BPS ↔ SRESM60V
PIP33-BLK125BPS,SRESM60V,-2,0.0331,PIP33-BLK125BPS ↔ SRESM60V
PIP33-BLK125BPS,SRESM60V,-1,-0.2543,PIP33-BLK125BPS ↔ SRESM60V
PIP33-BLK125BPS,SRESM60V,0,0.845,PIP33-BLK125BPS ↔ SRESM60V
PIP33-BLK125BPS,SRESM60V,1,-0.1363,PIP33-BLK125BPS ↔ SRESM60V
PIP33-BLK125BPS,SRESM60V,2,0.2002,PIP33-BLK125BPS ↔ SRESM60V
PIP33-BLK125BPS,SRESM60V,3,0.3135,PIP33-BLK125BPS ↔ SRESM60V
PIP33-BLK125BPS,SRESM60V,4,0.2564,PIP33-BLK125BPS ↔ SRESM60V
PIP33-BLK125BPS,SRESM60V,5,-0.1473,PIP33-BLK125BPS ↔ SRESM60V
PIP33-BLK125BPS,SRESM60V,6,-0.0363,PIP33-BLK125BPS ↔ SRESM60V
PIP33-BLK125BPM,SRESM60V,-6,-0.1252,PIP33-BLK125BPM ↔ SRESM60V
PIP33-BLK125BPM,SRESM60V,-5,-0.1041,PIP33-BLK125BPM ↔ SRESM60V
PIP33-BLK125BPM,SRESM60V,-4,0.0155,PIP33-BLK125BPM ↔ SRESM60V
PIP33-BLK125BPM,SRESM60V,-3,0.0208,PIP33-BLK125BPM ↔ SRESM60V
PIP33-BLK125BPM,SRESM60V,-2,0.0013,PIP33-BLK125BPM ↔ SRESM60V
PIP33-BLK125BPM,SRESM60V,-1,-0.2863,PIP33-BLK125BPM ↔ SRESM60V
PIP33-BLK125BPM,SRESM60V,0,0.8395,PIP33-BLK125BPM ↔ SRESM60V
PIP33-BLK125BPM,SRESM60V,1,-0.204,PIP33-BLK125BPM ↔ SRESM60V
PIP33-BLK125BPM,SRESM60V,2,0.1834,PIP33-BLK125BPM ↔ SRESM60V
PIP33-BLK125BPM,SRESM60V,3,0.3241,PIP33-BLK125BPM ↔ SRESM60V
PIP33-BLK125BPM,SRESM60V,4,0.2482,PIP33-BLK125BPM ↔ SRESM60V
PIP33-BLK125BPM,SRESM60V,5,-0.1112,PIP33-BLK125BPM ↔ SRESM60V
PIP33-BLK125BPM,SRESM60V,6,-0.0264,PIP33-BLK125BPM ↔ SRESM60V
GECS826TL,XSAE82509TY,-6,,GECS826TL ↔ XSAE82509TY
GECS826TL,XSAE82509TY,-5,,GECS826TL ↔ XSAE82509TY
GECS826TL,XSAE82509TY,-4,,GECS826TL ↔ XSAE82509TY
GECS826TL,XSAE82509TY,-3,,GECS826TL ↔ XSAE82509TY
GECS826TL,XSAE82509TY,-2,,GECS826TL ↔ XSAE82509TY
GECS826TL,XSAE82509TY,-1,,GECS826TL ↔ XSAE82509TY
GECS826TL,XSAE82509TY,0,0.8393,GECS826TL ↔ XSAE82509TY
GECS826TL,XSAE82509TY,1,-0.3352,GECS826TL ↔ XSAE82509TY
GECS826TL,XSAE82509TY,2,0.3403,GECS826TL ↔ XSAE82509TY
GECS826TL,XSAE82509TY,3,0.0124,GECS826TL ↔ XSAE82509TY
GECS826TL,XSAE82509TY,4,0.9129,GECS826TL ↔ XSAE82509TY
GECS826TL,XSAE82509TY,5,-0.1316,GECS826TL ↔ XSAE82509TY
GECS826TL,XSAE82509TY,6,-0.5788,GECS826TL ↔ XSAE82509TY
PIP33-BLK125BPL,PIP33-BLK125BPM,-6,-0.1387,PIP33-BLK125BPL ↔ PIP33-BLK125BPM
PIP33-BLK125BPL,PIP33-BLK125BPM,-5,0.5298,PIP33-BLK125BPL ↔ PIP33-BLK125BPM
PIP33-BLK125BPL,PIP33-BLK125BPM,-4,0.332,PIP33-BLK125BPL ↔ PIP33-BLK125BPM
PIP33-BLK125BPL,PIP33-BLK125BPM,-3,-0.2398,PIP33-BLK125BPL ↔ PIP33-BLK125BPM
PIP33-BLK125BPL,PIP33-BLK125BPM,-2,0.294,PIP33-BLK125BPL ↔ PIP33-BLK125BPM
PIP33-BLK125BPL,PIP33-BLK125BPM,-1,-0.4299,PIP33-BLK125BPL ↔ PIP33-BLK125BPM
PIP33-BLK125BPL,PIP33-BLK125BPM,0,0.8352,PIP33-BLK125BPL ↔ PIP33-BLK125BPM
PIP33-BLK125BPL,PIP33-BLK125BPM,1,-0.1514,PIP33-BLK125BPL ↔ PIP33-BLK125BPM
PIP33-BLK125BPL,PIP33-BLK125BPM,2,-0.2373,PIP33-BLK125BPL ↔ PIP33-BLK125BPM
PIP33-BLK125BPL,PIP33-BLK125BPM,3,-0.1414,PIP33-BLK125BPL ↔ PIP33-BLK125BPM
PIP33-BLK125BPL,PIP33-BLK125BPM,4,-0.6405,PIP33-BLK125BPL ↔ PIP33-BLK125BPM
PIP33-BLK125BPL,PIP33-BLK125BPM,5,0.2049,PIP33-BLK125BPL ↔ PIP33-BLK125BPM
PIP33-BLK125BPL,PIP33-BLK125BPM,6,0.0396,PIP33-BLK125BPL ↔ PIP33-BLK125BPM
3M1292TY,ME9683M,-6,0.1965,3M1292TY ↔ ME9683M
3M1292TY,ME9683M,-5,0.0841,3M1292TY ↔ ME9683M
3M1292TY,ME9683M,-4,-0.324,3M1292TY ↔ ME9683M
3M1292TY,ME9683M,-3,0.1966,3M1292TY ↔ ME9683M
3M1292TY,ME9683M,-2,-0.1296,3M1292TY ↔ ME9683M
3M1292TY,ME9683M,-1,-0.0374,3M1292TY ↔ ME9683M
3M1292TY,ME9683M,0,0.8327,3M1292TY ↔ ME9683M
3M1292TY,ME9683M,1,-0.0892,3M1292TY ↔ ME9683M
3M1292TY,ME9683M,2,-0.1046,3M1292TY ↔ ME9683M
3M1292TY,ME9683M,3,0.0,3M1292TY ↔ ME9683M
3M1292TY,ME9683M,4,-0.1103,3M1292TY ↔ ME9683M
3M1292TY,ME9683M,5,-0.0797,3M1292TY ↔ ME9683M
3M1292TY,ME9683M,6,0.0532,3M1292TY ↔ ME9683M
ME6632L,MESX200LH,-6,0.0462,ME6632L ↔ MESX200LH
ME6632L,MESX200LH,-5,0.0361,ME6632L ↔ MESX200LH
ME6632L,MESX200LH,-4,-0.1371,ME6632L ↔ MESX200LH
ME6632L,MESX200LH,-3,-0.0441,ME6632L ↔ MESX200LH
ME6632L,MESX200LH,-2,-0.0759,ME6632L ↔ MESX200LH
ME6632L,MESX200LH,-1,0.0707,ME6632L ↔ MESX200LH
ME6632L,MESX200LH,0,0.8326,ME6632L ↔ MESX200LH
ME6632L,MESX200LH,1,0.2026,ME6632L ↔ MESX200LH
ME6632L,MESX200LH,2,-0.1786,ME6632L ↔ MESX200LH
ME6632L,MESX200LH,3,-0.202,ME6632L ↔ MESX200LH
ME6632L,MESX200LH,4,-0.1911,ME6632L ↔ MESX200LH
ME6632L,MESX200LH,5,0.0456,ME6632L ↔ MESX200LH
ME6632L,MESX200LH,6,0.0529,ME6632L ↔ MESX200LH
CRST1130,PIP33-BLK125BPM,-6,-0.0993,CRST1130 ↔ PIP33-BLK125BPM
CRST1130,PIP33-BLK125BPM,-5,0.1157,CRST1130 ↔ PIP33-BLK125BPM
CRST1130,PIP33-BLK125BPM,-4,0.4416,CRST1130 ↔ PIP33-BLK125BPM
CRST1130,PIP33-BLK125BPM,-3,0.3768,CRST1130 ↔ PIP33-BLK125BPM
CRST1130,PIP33-BLK125BPM,-2,0.6237,CRST1130 ↔ PIP33-BLK125BPM
CRST1130,PIP33-BLK125BPM,-1,-0.3847,CRST1130 ↔ PIP33-BLK125BPM
CRST1130,PIP33-BLK125BPM,0,0.8319,CRST1130 ↔ PIP33-BLK125BPM
CRST1130,PIP33-BLK125BPM,1,0.4492,CRST1130 ↔ PIP33-BLK125BPM
CRST1130,PIP33-BLK125BPM,2,0.448,CRST1130 ↔ PIP33-BLK125BPM
CRST1130,PIP33-BLK125BPM,3,0.1208,CRST1130 ↔ PIP33-BLK125BPM
CRST1130,PIP33-BLK125BPM,4,-0.2296,CRST1130 ↔ PIP33-BLK125BPM
CRST1130,PIP33-BLK125BPM,5,0.0519,CRST1130 ↔ PIP33-BLK125BPM
CRST1130,PIP33-BLK125BPM,6,-0.1511,CRST1130 ↔ PIP33-BLK125BPM
ME6632M,PIP33-BLK125BPM,-6,0.183,ME6632M ↔ PIP33-BLK125BPM
ME6632M,PIP33-BLK125BPM,-5,0.3501,ME6632M ↔ PIP33-BLK125BPM
ME6632M,PIP33-BLK125BPM,-4,0.6695,ME6632M ↔ PIP33-BLK125BPM
ME6632M,PIP33-BLK125BPM,-3,0.3751,ME6632M ↔ PIP33-BLK125BPM
ME6632M,PIP33-BLK125BPM,-2,0.8015,ME6632M ↔ PIP33-BLK125BPM
ME6632M,PIP33-BLK125BPM,-1,-0.1854,ME6632M ↔ PIP33-BLK125BPM
ME6632M,PIP33-BLK125BPM,0,0.8312,ME6632M ↔ PIP33-BLK125BPM
ME6632M,PIP33-BLK125BPM,1,0.5215,ME6632M ↔ PIP33-BLK125BPM
ME6632M,PIP33-BLK125BPM,2,0.462,ME6632M ↔ PIP33-BLK125BPM
ME6632M,PIP33-BLK125BPM,3,0.2785,ME6632M ↔ PIP33-BLK125BPM
ME6632M,PIP33-BLK125BPM,4,-0.1557,ME6632M ↔ PIP33-BLK125BPM
ME6632M,PIP33-BLK125BPM,5,0.053,ME6632M ↔ PIP33-BLK125BPM
ME6632M,PIP33-BLK125BPM,6,0.0072,ME6632M ↔ PIP33-BLK125BPM
SRESM60V,UVSVP401,-6,-0.0478,SRESM60V ↔ UVSVP401
SRESM60V,UVSVP401,-5,-0.1654,SRESM60V ↔ UVSVP401
SRESM60V,UVSVP401,-4,0.2503,SRESM60V ↔ UVSVP401
SRESM60V,UVSVP401,-3,0.2929,SRESM60V ↔ UVSVP401
SRESM60V,UVSVP401,-2,0.2451,SRESM60V ↔ UVSVP401
SRESM60V,UVSVP401,-1,-0.1002,SRESM60V ↔ UVSVP401
SRESM60V,UVSVP401,0,0.8311,SRESM60V ↔ UVSVP401
SRESM60V,UVSVP401,1,-0.2634,SRESM60V ↔ UVSVP401
SRESM60V,UVSVP401,2,0.0802,SRESM60V ↔ UVSVP401
SRESM60V,UVSVP401,3,-0.019,SRESM60V ↔ UVSVP401
SRESM60V,UVSVP401,4,-0.0526,SRESM60V ↔ UVSVP401
SRESM60V,UVSVP401,5,-0.1528,SRESM60V ↔ UVSVP401
SRESM60V,UVSVP401,6,-0.1182,SRESM60V ↔ UVSVP401
JYG37510,MESX200LH,-6,0.1687,JYG37510 ↔ MESX200LH
JYG37510,MESX200LH,-5,-0.0499,JYG37510 ↔ MESX200LH
JYG37510,MESX200LH,-4,-0.3521,JYG37510 ↔ MESX200LH
JYG37510,MESX200LH,-3,0.1464,JYG37510 ↔ MESX200LH
JYG37510,MESX200LH,-2,-0.0279,JYG37510 ↔ MESX200LH
JYG37510,MESX200LH,-1,0.0269,JYG37510 ↔ MESX200LH
JYG37510,MESX200LH,0,0.8302,JYG37510 ↔ MESX200LH
JYG37510,MESX200LH,1,-0.2531,JYG37510 ↔ MESX200LH
JYG37510,MESX200LH,2,-0.0149,JYG37510 ↔ MESX200LH
JYG37510,MESX200LH,3,-0.1076,JYG37510 ↔ MESX200LH
JYG37510,MESX200LH,4,-0.1617,JYG37510 ↔ MESX200LH
JYG37510,MESX200LH,5,0.173,JYG37510 ↔ MESX200LH
JYG37510,MESX200LH,6,0.0288,JYG37510 ↔ MESX200LH
SRPEC60X90TY,XS3M7502TY,-6,0.0684,SRPEC60X90TY ↔ XS3M7502TY
SRPEC60X90TY,XS3M7502TY,-5,-0.0091,SRPEC60X90TY ↔ XS3M7502TY
SRPEC60X90TY,XS3M7502TY,-4,-0.1006,SRPEC60X90TY ↔ XS3M7502TY
SRPEC60X90TY,XS3M7502TY,-3,0.0567,SRPEC60X90TY ↔ XS3M7502TY
SRPEC60X90TY,XS3M7502TY,-2,-0.0202,SRPEC60X90TY ↔ XS3M7502TY
SRPEC60X90TY,XS3M7502TY,-1,-0.14,SRPEC60X90TY ↔ XS3M7502TY
SRPEC60X90TY,XS3M7502TY,0,0.83,SRPEC60X90TY ↔ XS3M7502TY
SRPEC60X90TY,XS3M7502TY,1,-0.198,SRPEC60X90TY ↔ XS3M7502TY
SRPEC60X90TY,XS3M7502TY,2,-0.0114,SRPEC60X90TY ↔ XS3M7502TY
SRPEC60X90TY,XS3M7502TY,3,-0.0567,SRPEC60X90TY ↔ XS3M7502TY
SRPEC60X90TY,XS3M7502TY,4,-0.0303,SRPEC60X90TY ↔ XS3M7502TY
SRPEC60X90TY,XS3M7502TY,5,-0.0331,SRPEC60X90TY ↔ XS3M7502TY
SRPEC60X90TY,XS3M7502TY,6,-0.0909,SRPEC60X90TY ↔ XS3M7502TY
SRCRC12,SRCRCL,-6,0.5505,SRCRC12 ↔ SRCRCL
SRCRC12,SRCRCL,-5,-0.2857,SRCRC12 ↔ SRCRCL
SRCRC12,SRCRCL,-4,-0.1886,SRCRC12 ↔ SRCRCL
SRCRC12,SRCRCL,-3,0.4196,SRCRC12 ↔ SRCRCL
SRCRC12,SRCRCL,-2,-0.6653,SRCRC12 ↔ SRCRCL
SRCRC12,SRCRCL,-1,0.0654,SRCRC12 ↔ SRCRCL
SRCRC12,SRCRCL,0,0.8291,SRCRC12 ↔ SRCRCL
SRCRC12,SRCRCL,1,-0.2265,SRCRC12 ↔ SRCRCL
SRCRC12,SRCRCL,2,-0.1963,SRCRC12 ↔ SRCRCL
SRCRC12,SRCRCL,3,0.3033,SRCRC12 ↔ SRCRCL
SRCRC12,SRCRCL,4,-0.0546,SRCRC12 ↔ SRCRCL
SRCRC12,SRCRCL,5,0.5245,SRCRC12 ↔ SRCRCL
SRCRC12,SRCRCL,6,-0.5635,SRCRC12 ↔ SRCRCL
AE82501,JYR-1521M,-6,0.2012,AE82501 ↔ JYR-1521M
AE82501,JYR-1521M,-5,-0.2832,AE82501 ↔ JYR-1521M
AE82501,JYR-1521M,-4,0.0723,AE82501 ↔ JYR-1521M
AE82501,JYR-1521M,-3,0.0663,AE82501 ↔ JYR-1521M
AE82501,JYR-1521M,-2,-0.1723,AE82501 ↔ JYR-1521M
AE82501,JYR-1521M,-1,-0.2577,AE82501 ↔ JYR-1521M
AE82501,JYR-1521M,0,0.8251,AE82501 ↔ JYR-1521M
AE82501,JYR-1521M,1,-0.0736,AE82501 ↔ JYR-1521M
AE82501,JYR-1521M,2,-0.0517,AE82501 ↔ JYR-1521M
AE82501,JYR-1521M,3,0.0252,AE82501 ↔ JYR-1521M
AE82501,JYR-1521M,4,-0.3861,AE82501 ↔ JYR-1521M
AE82501,JYR-1521M,5,0.1372,AE82501 ↔ JYR-1521M
AE82501,JYR-1521M,6,0.1254,AE82501 ↔ JYR-1521M
JYG37510,UVSVP400,-6,0.1831,JYG37510 ↔ UVSVP400
JYG37510,UVSVP400,-5,-0.1631,JYG37510 ↔ UVSVP400
JYG37510,UVSVP400,-4,-0.3621,JYG37510 ↔ UVSVP400
JYG37510,UVSVP400,-3,0.1421,JYG37510 ↔ UVSVP400
JYG37510,UVSVP400,-2,-0.0324,JYG37510 ↔ UVSVP400
JYG37510,UVSVP400,-1,0.0118,JYG37510 ↔ UVSVP400
JYG37510,UVSVP400,0,0.825,JYG37510 ↔ UVSVP400
JYG37510,UVSVP400,1,-0.1912,JYG37510 ↔ UVSVP400
JYG37510,UVSVP400,2,0.1662,JYG37510 ↔ UVSVP400
JYG37510,UVSVP400,3,-0.0997,JYG37510 ↔ UVSVP400
JYG37510,UVSVP400,4,-0.2085,JYG37510 ↔ UVSVP400
JYG37510,UVSVP400,5,0.1239,JYG37510 ↔ UVSVP400
JYG37510,UVSVP400,6,0.1,JYG37510 ↔ UVSVP400
3M1292TY,JYG37510,-6,0.0069,3M1292TY ↔ JYG37510
3M1292TY,JYG37510,-5,0.157,3M1292TY ↔ JYG37510
3M1292TY,JYG37510,-4,-0.2126,3M1292TY ↔ JYG37510
3M1292TY,JYG37510,-3,0.0419,3M1292TY ↔ JYG37510
3M1292TY,JYG37510,-2,-0.0551,3M1292TY ↔ JYG37510
3M1292TY,JYG37510,-1,-0.1663,3M1292TY ↔ JYG37510
3M1292TY,JYG37510,0,0.8242,3M1292TY ↔ JYG37510
3M1292TY,JYG37510,1,-0.0142,3M1292TY ↔ JYG37510
3M1292TY,JYG37510,2,-0.0216,3M1292TY ↔ JYG37510
3M1292TY,JYG37510,3,0.1405,3M1292TY ↔ JYG37510
3M1292TY,JYG37510,4,-0.2923,3M1292TY ↔ JYG37510
3M1292TY,JYG37510,5,-0.0975,3M1292TY ↔ JYG37510
3M1292TY,JYG37510,6,0.0622,3M1292TY ↔ JYG37510
JYG37510,SFPUG111VMT,-6,0.0495,JYG37510 ↔ SFPUG111VMT
JYG37510,SFPUG111VMT,-5,0.0839,JYG37510 ↔ SFPUG111VMT
JYG37510,SFPUG111VMT,-4,-0.2615,JYG37510 ↔ SFPUG111VMT
JYG37510,SFPUG111VMT,-3,0.1035,JYG37510 ↔ SFPUG111VMT
JYG37510,SFPUG111VMT,-2,-0.0665,JYG37510 ↔ SFPUG111VMT
JYG37510,SFPUG111VMT,-1,-0.0265,JYG37510 ↔ SFPUG111VMT
JYG37510,SFPUG111VMT,0,0.8238,JYG37510 ↔ SFPUG111VMT
JYG37510,SFPUG111VMT,1,-0.041,JYG37510 ↔ SFPUG111VMT
JYG37510,SFPUG111VMT,2,-0.0653,JYG37510 ↔ SFPUG111VMT
JYG37510,SFPUG111VMT,3,0.0081,JYG37510 ↔ SFPUG111VMT
JYG37510,SFPUG111VMT,4,-0.2646,JYG37510 ↔ SFPUG111VMT
JYG37510,SFPUG111VMT,5,0.1076,JYG37510 ↔ SFPUG111VMT
JYG37510,SFPUG111VMT,6,0.0754,JYG37510 ↔ SFPUG111VMT
JYG37510,ME9683M,-6,0.2615,JYG37510 ↔ ME9683M
JYG37510,ME9683M,-5,-0.1431,JYG37510 ↔ ME9683M
JYG37510,ME9683M,-4,-0.3423,JYG37510 ↔ ME9683M
JYG37510,ME9683M,-3,0.2106,JYG37510 ↔ ME9683M
JYG37510,ME9683M,-2,0.009,JYG37510 ↔ ME9683M
JYG37510,ME9683M,-1,-0.0286,JYG37510 ↔ ME9683M
JYG37510,ME9683M,0,0.8196,JYG37510 ↔ ME9683M
JYG37510,ME9683M,1,-0.2993,JYG37510 ↔ ME9683M
JYG37510,ME9683M,2,-0.0282,JYG37510 ↔ ME9683M
JYG37510,ME9683M,3,-0.0564,JYG37510 ↔ ME9683M
JYG37510,ME9683M,4,-0.1105,JYG37510 ↔ ME9683M
JYG37510,ME9683M,5,0.0527,JYG37510 ↔ ME9683M
JYG37510,ME9683M,6,0.1336,JYG37510 ↔ ME9683M
JYG37510,MESX9667L,-6,0.0836,JYG37510 ↔ MESX9667L
JYG37510,MESX9667L,-5,0.0236,JYG37510 ↔ MESX9667L
JYG37510,MESX9667L,-4,-0.1424,JYG37510 ↔ MESX9667L
JYG37510,MESX9667L,-3,0.0569,JYG37510 ↔ MESX9667L
JYG37510,MESX9667L,-2,-0.0637,JYG37510 ↔ MESX9667L
JYG37510,MESX9667L,-1,-0.0226,JYG37510 ↔ MESX9667L
JYG37510,MESX9667L,0,0.818,JYG37510 ↔ MESX9667L
JYG37510,MESX9667L,1,0.2104,JYG37510 ↔ MESX9667L
JYG37510,MESX9667L,2,-0.0883,JYG37510 ↔ MESX9667L
JYG37510,MESX9667L,3,0.0445,JYG37510 ↔ MESX9667L
JYG37510,MESX9667L,4,-0.2528,JYG37510 ↔ MESX9667L
JYG37510,MESX9667L,5,0.0747,JYG37510 ↔ MESX9667L
JYG37510,MESX9667L,6,0.2688,JYG37510 ↔ MESX9667L
JYR-1521M,SFGG805PFL,-6,0.0321,JYR-1521M ↔ SFGG805PFL
JYR-1521M,SFGG805PFL,-5,0.0979,JYR-1521M ↔ SFGG805PFL
JYR-1521M,SFGG805PFL,-4,-0.334,JYR-1521M ↔ SFGG805PFL
JYR-1521M,SFGG805PFL,-3,-0.0005,JYR-1521M ↔ SFGG805PFL
JYR-1521M,SFGG805PFL,-2,0.0368,JYR-1521M ↔ SFGG805PFL
JYR-1521M,SFGG805PFL,-1,-0.1445,JYR-1521M ↔ SFGG805PFL
JYR-1521M,SFGG805PFL,0,0.8149,JYR-1521M ↔ SFGG805PFL
JYR-1521M,SFGG805PFL,1,-0.2609,JYR-1521M ↔ SFGG805PFL
JYR-1521M,SFGG805PFL,2,-0.0832,JYR-1521M ↔ SFGG805PFL
JYR-1521M,SFGG805PFL,3,0.0189,JYR-1521M ↔ SFGG805PFL
JYR-1521M,SFGG805PFL,4,-0.0489,JYR-1521M ↔ SFGG805PFL
JYR-1521M,SFGG805PFL,5,-0.1551,JYR-1521M ↔ SFGG805PFL
JYR-1521M,SFGG805PFL,6,0.1731,JYR-1521M ↔ SFGG805PFL
SFT601,XS3M5N11,-6,0.6035,SFT601 ↔ XS3M5N11
SFT601,XS3M5N11,-5,0.3666,SFT601 ↔ XS3M5N11
SFT601,XS3M5N11,-4,0.0103,SFT601 ↔ XS3M5N11
SFT601,XS3M5N11,-3,0.0351,SFT601 ↔ XS3M5N11
SFT601,XS3M5N11,-2,-0.2476,SFT601 ↔ XS3M5N11
SFT601,XS3M5N11,-1,0.0574,SFT601 ↔ XS3M5N11
SFT601,XS3M5N11,0,0.8088,SFT601 ↔ XS3M5N11
SFT601,XS3M5N11,1,-0.5764,SFT601 ↔ XS3M5N11
SFT601,XS3M5N11,2,-0.185,SFT601 ↔ XS3M5N11
SFT601,XS3M5N11,3,-0.2905,SFT601 ↔ XS3M5N11
SFT601,XS3M5N11,4,-0.2459,SFT601 ↔ XS3M5N11
SFT601,XS3M5N11,5,0.4469,SFT601 ↔ XS3M5N11
SFT601,XS3M5N11,6,0.1917,SFT601 ↔ XS3M5N11
JYR-1521M,SACFCB02,-6,0.0835,JYR-1521M ↔ SACFCB02
JYR-1521M,SACFCB02,-5,0.0574,JYR-1521M ↔ SACFCB02
JYR-1521M,SACFCB02,-4,-0.3156,JYR-1521M ↔ SACFCB02
JYR-1521M,SACFCB02,-3,0.0555,JYR-1521M ↔ SACFCB02
JYR-1521M,SACFCB02,-2,0.074,JYR-1521M ↔ SACFCB02
JYR-1521M,SACFCB02,-1,-0.3241,JYR-1521M ↔ SACFCB02
JYR-1521M,SACFCB02,0,0.8081,JYR-1521M ↔ SACFCB02
JYR-1521M,SACFCB02,1,-0.2984,JYR-1521M ↔ SACFCB02
JYR-1521M,SACFCB02,2,0.033,JYR-1521M ↔ SACFCB02
JYR-1521M,SACFCB02,3,0.0067,JYR-1521M ↔ SACFCB02
JYR-1521M,SACFCB02,4,-0.3049,JYR-1521M ↔ SACFCB02
JYR-1521M,SACFCB02,5,0.0009,JYR-1521M ↔ SACFCB02
JYR-1521M,SACFCB02,6,0.2258,JYR-1521M ↔ SACFCB02
ME9683M,MOM2700,-6,0.2849,ME9683M ↔ MOM2700
ME9683M,MOM2700,-5,-0.0096,ME9683M ↔ MOM2700
ME9683M,MOM2700,-4,-0.3301,ME9683M ↔ MOM2700
ME9683M,MOM2700,-3,0.122,ME9683M ↔ MOM2700
ME9683M,MOM2700,-2,-0.0704,ME9683M ↔ MOM2700
ME9683M,MOM2700,-1,-0.1874,ME9683M ↔ MOM2700
ME9683M,MOM2700,0,0.8046,ME9683M ↔ MOM2700
ME9683M,MOM2700,1,-0.0721,ME9683M ↔ MOM2700
ME9683M,MOM2700,2,0.0264,ME9683M ↔ MOM2700
ME9683M,MOM2700,3,0.0069,ME9683M ↔ MOM2700
ME9683M,MOM2700,4,-0.1882,ME9683M ↔ MOM2700
ME9683M,MOM2700,5,-0.0386,ME9683M ↔ MOM2700
ME9683M,MOM2700,6,0.2546,ME9683M ↔ MOM2700
AE82501,XAGRPCFCGIS,-6,-0.0592,AE82501 ↔ XAGRPCFCGIS
AE82501,XAGRPCFCGIS,-5,0.0051,AE82501 ↔ XAGRPCFCGIS
AE82501,XAGRPCFCGIS,-4,-0.1087,AE82501 ↔ XAGRPCFCGIS
AE82501,XAGRPCFCGIS,-3,0.0034,AE82501 ↔ XAGRPCFCGIS
AE82501,XAGRPCFCGIS,-2,-0.0899,AE82501 ↔ XAGRPCFCGIS
AE82501,XAGRPCFCGIS,-1,-0.1456,AE82501 ↔ XAGRPCFCGIS
AE82501,XAGRPCFCGIS,0,0.8005,AE82501 ↔ XAGRPCFCGIS
AE82501,XAGRPCFCGIS,1,-0.1428,AE82501 ↔ XAGRPCFCGIS
AE82501,XAGRPCFCGIS,2,-0.1391,AE82501 ↔ XAGRPCFCGIS
AE82501,XAGRPCFCGIS,3,0.0408,AE82501 ↔ XAGRPCFCGIS
AE82501,XAGRPCFCGIS,4,-0.2527,AE82501 ↔ XAGRPCFCGIS
AE82501,XAGRPCFCGIS,5,-0.016,AE82501 ↔ XAGRPCFCGIS
AE82501,XAGRPCFCGIS,6,0.1104,AE82501 ↔ XAGRPCFCGIS
AN11840-10,SPS3960HS,-6,-0.092,AN11840-10 ↔ SPS3960HS
AN11840-10,SPS3960HS,-5,-0.0801,AN11840-10 ↔ SPS3960HS
AN11840-10,SPS3960HS,-4,0.3703,AN11840-10 ↔ SPS3960HS
AN11840-10,SPS3960HS,-3,-0.0187,AN11840-10 ↔ SPS3960HS
AN11840-10,SPS3960HS,-2,0.4108,AN11840-10 ↔ SPS3960HS
AN11840-10,SPS3960HS,-1,-0.5116,AN11840-10 ↔ SPS3960HS
AN11840-10,SPS3960HS,0,0.7968,AN11840-10 ↔ SPS3960HS
AN11840-10,SPS3960HS,1,-0.1602,AN11840-10 ↔ SPS3960HS
AN11840-10,SPS3960HS,2,0.2616,AN11840-10 ↔ SPS3960HS
AN11840-10,SPS3960HS,3,-0.2982,AN11840-10 ↔ SPS3960HS
AN11840-10,SPS3960HS,4,0.7366,AN11840-10 ↔ SPS3960HS
AN11840-10,SPS3960HS,5,0.2702,AN11840-10 ↔ SPS3960HS
AN11840-10,SPS3960HS,6,-0.0795,AN11840-10 ↔ SPS3960HS
MESX200LH,UVSVP400,-6,0.0862,MESX200LH ↔ UVSVP400
MESX200LH,UVSVP400,-5,-0.0736,MESX200LH ↔ UVSVP400
MESX200LH,UVSVP400,-4,-0.252,MESX200LH ↔ UVSVP400
MESX200LH,UVSVP400,-3,0.0875,MESX200LH ↔ UVSVP400
MESX200LH,UVSVP400,-2,-0.0216,MESX200LH ↔ UVSVP400
MESX200LH,UVSVP400,-1,-0.2398,MESX200LH ↔ UVSVP400
MESX200LH,UVSVP400,0,0.7966,MESX200LH ↔ UVSVP400
MESX200LH,UVSVP400,1,-0.073,MESX200LH ↔ UVSVP400
MESX200LH,UVSVP400,2,0.0459,MESX200LH ↔ UVSVP400
MESX200LH,UVSVP400,3,0.0056,MESX200LH ↔ UVSVP400
MESX200LH,UVSVP400,4,-0.2148,MESX200LH ↔ UVSVP400
MESX200LH,UVSVP400,5,0.0101,MESX200LH ↔ UVSVP400
MESX200LH,UVSVP400,6,0.1498,MESX200LH ↔ UVSVP400
JYG37510,PIP42-874,-6,0.0402,JYG37510 ↔ PIP42-874
JYG37510,PIP42-874,-5,-0.0763,JYG37510 ↔ PIP42-874
JYG37510,PIP42-874,-4,-0.103,JYG37510 ↔ PIP42-874
JYG37510,PIP42-874,-3,0.1021,JYG37510 ↔ PIP42-874
JYG37510,PIP42-874,-2,-0.0779,JYG37510 ↔ PIP42-874
JYG37510,PIP42-874,-1,0.0672,JYG37510 ↔ PIP42-874
JYG37510,PIP42-874,0,0.7952,JYG37510 ↔ PIP42-874
JYG37510,PIP42-874,1,0.1498,JYG37510 ↔ PIP42-874
JYG37510,PIP42-874,2,0.1096,JYG37510 ↔ PIP42-874
JYG37510,PIP42-874,3,-0.0317,JYG37510 ↔ PIP42-874
JYG37510,PIP42-874,4,-0.266,JYG37510 ↔ PIP42-874
JYG37510,PIP42-874,5,0.1995,JYG37510 ↔ PIP42-874
JYG37510,PIP42-874,6,0.1744,JYG37510 ↔ PIP42-874
ME6632M,UVS4040,-6,-0.0335,ME6632M ↔ UVS4040
ME6632M,UVS4040,-5,-0.0308,ME6632M ↔ UVS4040
ME6632M,UVS4040,-4,0.1359,ME6632M ↔ UVS4040
ME6632M,UVS4040,-3,0.1731,ME6632M ↔ UVS4040
ME6632M,UVS4040,-2,0.6212,ME6632M ↔ UVS4040
ME6632M,UVS4040,-1,0.2403,ME6632M ↔ UVS4040
ME6632M,UVS4040,0,0.7941,ME6632M ↔ UVS4040
ME6632M,UVS4040,1,-0.1271,ME6632M ↔ UVS4040
ME6632M,UVS4040,2,0.3111,ME6632M ↔ UVS4040
ME6632M,UVS4040,3,0.0074,ME6632M ↔ UVS4040
ME6632M,UVS4040,4,-0.1344,ME6632M ↔ UVS4040
ME6632M,UVS4040,5,0.0688,ME6632M ↔ UVS4040
ME6632M,UVS4040,6,0.1784,ME6632M ↔ UVS4040
CRST1130,ME6632XL,-6,0.3163,CRST1130 ↔ ME6632XL
CRST1130,ME6632XL,-5,-0.1915,CRST1130 ↔ ME6632XL
CRST1130,ME6632XL,-4,-0.1934,CRST1130 ↔ ME6632XL
CRST1130,ME6632XL,-3,-0.036,CRST1130 ↔ ME6632XL
CRST1130,ME6632XL,-2,0.3127,CRST1130 ↔ ME6632XL
CRST1130,ME6632XL,-1,0.2419,CRST1130 ↔ ME6632XL
CRST1130,ME6632XL,0,0.7939,CRST1130 ↔ ME6632XL
CRST1130,ME6632XL,1,-0.2296,CRST1130 ↔ ME6632XL
CRST1130,ME6632XL,2,0.4652,CRST1130 ↔ ME6632XL
CRST1130,ME6632XL,3,-0.1029,CRST1130 ↔ ME6632XL
CRST1130,ME6632XL,4,-0.1626,CRST1130 ↔ ME6632XL
CRST1130,ME6632XL,5,0.0835,CRST1130 ↔ ME6632XL
CRST1130,ME6632XL,6,0.0008,CRST1130 ↔ ME6632XL
3M1292TY,MOM2700,-6,0.174,3M1292TY ↔ MOM2700
3M1292TY,MOM2700,-5,0.0811,3M1292TY ↔ MOM2700
3M1292TY,MOM2700,-4,-0.3519,3M1292TY ↔ MOM2700
3M1292TY,MOM2700,-3,0.0898,3M1292TY ↔ MOM2700
3M1292TY,MOM2700,-2,-0.0007,3M1292TY ↔ MOM2700
3M1292TY,MOM2700,-1,-0.1017,3M1292TY ↔ MOM2700
3M1292TY,MOM2700,0,0.7907,3M1292TY ↔ MOM2700
3M1292TY,MOM2700,1,0.029,3M1292TY ↔ MOM2700
3M1292TY,MOM2700,2,-0.0522,3M1292TY ↔ MOM2700
3M1292TY,MOM2700,3,-0.0124,3M1292TY ↔ MOM2700
3M1292TY,MOM2700,4,-0.2146,3M1292TY ↔ MOM2700
3M1292TY,MOM2700,5,-0.001,3M1292TY ↔ MOM2700
3M1292TY,MOM2700,6,0.0688,3M1292TY ↔ MOM2700
AN11840-9,XGNRON,-6,,AN11840-9 ↔ XGNRON
AN11840-9,XGNRON,-5,,AN11840-9 ↔ XGNRON
AN11840-9,XGNRON,-4,,AN11840-9 ↔ XGNRON
AN11840-9,XGNRON,-3,,AN11840-9 ↔ XGNRON
AN11840-9,XGNRON,-2,,AN11840-9 ↔ XGNRON
AN11840-9,XGNRON,-1,-0.1623,AN11840-9 ↔ XGNRON
AN11840-9,XGNRON,0,0.7902,AN11840-9 ↔ XGNRON
AN11840-9,XGNRON,1,-0.3137,AN11840-9 ↔ XGNRON
AN11840-9,XGNRON,2,0.924,AN11840-9 ↔ XGNRON
AN11840-9,XGNRON,3,-0.2604,AN11840-9 ↔ XGNRON
AN11840-9,XGNRON,4,-0.0326,AN11840-9 ↔ XGNRON
AN11840-9,XGNRON,5,-0.0527,AN11840-9 ↔ XGNRON
AN11840-9,XGNRON,6,0.1617,AN11840-9 ↔ XGNRON
SFPUG111VMT,SFPUG611VMT,-6,0.1234,SFPUG111VMT ↔ SFPUG611VMT
SFPUG111VMT,SFPUG611VMT,-5,-0.0044,SFPUG111VMT ↔ SFPUG611VMT
SFPUG111VMT,SFPUG611VMT,-4,-0.2157,SFPUG111VMT ↔ SFPUG611VMT
SFPUG111VMT,SFPUG611VMT,-3,-0.0326,SFPUG111VMT ↔ SFPUG611VMT
SFPUG111VMT,SFPUG611VMT,-2,-0.0235,SFPUG111VMT ↔ SFPUG611VMT
SFPUG111VMT,SFPUG611VMT,-1,-0.2629,SFPUG111VMT ↔ SFPUG611VMT
SFPUG111VMT,SFPUG611VMT,0,0.7865,SFPUG111VMT ↔ SFPUG611VMT
SFPUG111VMT,SFPUG611VMT,1,-0.1564,SFPUG111VMT ↔ SFPUG611VMT
SFPUG111VMT,SFPUG611VMT,2,0.045,SFPUG111VMT ↔ SFPUG611VMT
SFPUG111VMT,SFPUG611VMT,3,0.0071,SFPUG111VMT ↔ SFPUG611VMT
SFPUG111VMT,SFPUG611VMT,4,-0.035,SFPUG111VMT ↔ SFPUG611VMT
SFPUG111VMT,SFPUG611VMT,5,0.0325,SFPUG111VMT ↔ SFPUG611VMT
SFPUG111VMT,SFPUG611VMT,6,0.0713,SFPUG111VMT ↔ SFPUG611VMT
CRST1130,XESB60R,-6,-0.0054,CRST1130 ↔ XESB60R
CRST1130,XESB60R,-5,-0.299,CRST1130 ↔ XESB60R
CRST1130,XESB60R,-4,0.0573,CRST1130 ↔ XESB60R
CRST1130,XESB60R,-3,-0.0573,CRST1130 ↔ XESB60R
CRST1130,XESB60R,-2,0.2977,CRST1130 ↔ XESB60R
CRST1130,XESB60R,-1,-0.1035,CRST1130 ↔ XESB60R
CRST1130,XESB60R,0,0.7856,CRST1130 ↔ XESB60R
CRST1130,XESB60R,1,-0.2152,CRST1130 ↔ XESB60R
CRST1130,XESB60R,2,0.2514,CRST1130 ↔ XESB60R
CRST1130,XESB60R,3,-0.2794,CRST1130 ↔ XESB60R
CRST1130,XESB60R,4,0.0714,CRST1130 ↔ XESB60R
CRST1130,XESB60R,5,-0.2107,CRST1130 ↔ XESB60R
CRST1130,XESB60R,6,0.2275,CRST1130 ↔ XESB60R
MESX200LH,MOM2700,-6,0.1066,MESX200LH ↔ MOM2700
MESX200LH,MOM2700,-5,0.0222,MESX200LH ↔ MOM2700
MESX200LH,MOM2700,-4,-0.276,MESX200LH ↔ MOM2700
MESX200LH,MOM2700,-3,0.0556,MESX200LH ↔ MOM2700
MESX200LH,MOM2700,-2,-0.0042,MESX200LH ↔ MOM2700
MESX200LH,MOM2700,-1,-0.2195,MESX200LH ↔ MOM2700
MESX200LH,MOM2700,0,0.7853,MESX200LH ↔ MOM2700
MESX200LH,MOM2700,1,0.0623,MESX200LH ↔ MOM2700
MESX200LH,MOM2700,2,-0.0466,MESX200LH ↔ MOM2700
MESX200LH,MOM2700,3,-0.0515,MESX200LH ↔ MOM2700
MESX200LH,MOM2700,4,-0.1976,MESX200LH ↔ MOM2700
MESX200LH,MOM2700,5,0.0392,MESX200LH ↔ MOM2700
MESX200LH,MOM2700,6,0.1624,MESX200LH ↔ MOM2700
3M1292TY,UVSVP400,-6,0.0959,3M1292TY ↔ UVSVP400
3M1292TY,UVSVP400,-5,-0.0344,3M1292TY ↔ UVSVP400
3M1292TY,UVSVP400,-4,-0.3318,3M1292TY ↔ UVSVP400
3M1292TY,UVSVP400,-3,0.1405,3M1292TY ↔ UVSVP400
3M1292TY,UVSVP400,-2,-0.0614,3M1292TY ↔ UVSVP400
3M1292TY,UVSVP400,-1,-0.0952,3M1292TY ↔ UVSVP400
3M1292TY,UVSVP400,0,0.7837,3M1292TY ↔ UVSVP400
3M1292TY,UVSVP400,1,-0.0291,3M1292TY ↔ UVSVP400
3M1292TY,UVSVP400,2,0.034,3M1292TY ↔ UVSVP400
3M1292TY,UVSVP400,3,-0.0338,3M1292TY ↔ UVSVP400
3M1292TY,UVSVP400,4,-0.2368,3M1292TY ↔ UVSVP400
3M1292TY,UVSVP400,5,-0.0234,3M1292TY ↔ UVSVP400
3M1292TY,UVSVP400,6,0.109,3M1292TY ↔ UVSVP400
GIA2005B,PIP42-874,-6,0.0733,GIA2005B ↔ PIP42-874
GIA2005B,PIP42-874,-5,0.1023,GIA2005B ↔ PIP42-874
GIA2005B,PIP42-874,-4,-0.0913,GIA2005B ↔ PIP42-874
GIA2005B,PIP42-874,-3,-0.088,GIA2005B ↔ PIP42-874
GIA2005B,PIP42-874,-2,0.0227,GIA2005B ↔ PIP42-874
GIA2005B,PIP42-874,-1,0.5459,GIA2005B ↔ PIP42-874
GIA2005B,PIP42-874,0,0.7835,GIA2005B ↔ PIP42-874
GIA2005B,PIP42-874,1,0.2594,GIA2005B ↔ PIP42-874
GIA2005B,PIP42-874,2,0.0384,GIA2005B ↔ PIP42-874
GIA2005B,PIP42-874,3,-0.0203,GIA2005B ↔ PIP42-874
GIA2005B,PIP42-874,4,-0.1736,GIA2005B ↔ PIP42-874
GIA2005B,PIP42-874,5,0.2302,GIA2005B ↔ PIP42-874
GIA2005B,PIP42-874,6,0.0413,GIA2005B ↔ PIP42-874
SRPEC60X90TY,XS3M6003-TY,-6,0.1197,SRPEC60X90TY ↔ XS3M6003-TY
SRPEC60X90TY,XS3M6003-TY,-5,-0.015,SRPEC60X90TY ↔ XS3M6003-TY
SRPEC60X90TY,XS3M6003-TY,-4,-0.1865,SRPEC60X90TY ↔ XS3M6003-TY
SRPEC60X90TY,XS3M6003-TY,-3,0.1111,SRPEC60X90TY ↔ XS3M6003-TY
SRPEC60X90TY,XS3M6003-TY,-2,0.0323,SRPEC60X90TY ↔ XS3M6003-TY
SRPEC60X90TY,XS3M6003-TY,-1,-0.1693,SRPEC60X90TY ↔ XS3M6003-TY
SRPEC60X90TY,XS3M6003-TY,0,0.7833,SRPEC60X90TY ↔ XS3M6003-TY
SRPEC60X90TY,XS3M6003-TY,1,-0.1441,SRPEC60X90TY ↔ XS3M6003-TY
SRPEC60X90TY,XS3M6003-TY,2,-0.088,SRPEC60X90TY ↔ XS3M6003-TY
SRPEC60X90TY,XS3M6003-TY,3,0.0044,SRPEC60X90TY ↔ XS3M6003-TY
SRPEC60X90TY,XS3M6003-TY,4,-0.0316,SRPEC60X90TY ↔ XS3M6003-TY
SRPEC60X90TY,XS3M6003-TY,5,0.0617,SRPEC60X90TY ↔ XS3M6003-TY
SRPEC60X90TY,XS3M6003-TY,6,-0.0673,SRPEC60X90TY ↔ XS3M6003-TY
JYR-2004N,SRPM60X90,-6,-0.0025,JYR-2004N ↔ SRPM60X90
JYR-2004N,SRPM60X90,-5,-0.056,JYR-2004N ↔ SRPM60X90
JYR-2004N,SRPM60X90,-4,-0.3104,JYR-2004N ↔ SRPM60X90
JYR-2004N,SRPM60X90,-3,-0.1298,JYR-2004N ↔ SRPM60X90
JYR-2004N,SRPM60X90,-2,-0.2626,JYR-2004N ↔ SRPM60X90
JYR-2004N,SRPM60X90,-1,-0.1709,JYR-2004N ↔ SRPM60X90
JYR-2004N,SRPM60X90,0,0.7826,JYR-2004N ↔ SRPM60X90
JYR-2004N,SRPM60X90,1,0.0742,JYR-2004N ↔ SRPM60X90
JYR-2004N,SRPM60X90,2,-0.2455,JYR-2004N ↔ SRPM60X90
JYR-2004N,SRPM60X90,3,-0.1162,JYR-2004N ↔ SRPM60X90
JYR-2004N,SRPM60X90,4,-0.0998,JYR-2004N ↔ SRPM60X90
JYR-2004N,SRPM60X90,5,-0.1001,JYR-2004N ↔ SRPM60X90
JYR-2004N,SRPM60X90,6,-0.0929,JYR-2004N ↔ SRPM60X90
SFPUG09VMT,SFPUG611VMT,-6,0.1498,SFPUG09VMT ↔ SFPUG611VMT
SFPUG09VMT,SFPUG611VMT,-5,0.0795,SFPUG09VMT ↔ SFPUG611VMT
SFPUG09VMT,SFPUG611VMT,-4,-0.2477,SFPUG09VMT ↔ SFPUG611VMT
SFPUG09VMT,SFPUG611VMT,-3,0.0021,SFPUG09VMT ↔ SFPUG611VMT
SFPUG09VMT,SFPUG611VMT,-2,-0.0378,SFPUG09VMT ↔ SFPUG611VMT
SFPUG09VMT,SFPUG611VMT,-1,-0.2073,SFPUG09VMT ↔ SFPUG611VMT
SFPUG09VMT,SFPUG611VMT,0,0.7822,SFPUG09VMT ↔ SFPUG611VMT
SFPUG09VMT,SFPUG611VMT,1,-0.1376,SFPUG09VMT ↔ SFPUG611VMT
SFPUG09VMT,SFPUG611VMT,2,0.0181,SFPUG09VMT ↔ SFPUG611VMT
SFPUG09VMT,SFPUG611VMT,3,0.016,SFPUG09VMT ↔ SFPUG611VMT
SFPUG09VMT,SFPUG611VMT,4,-0.0283,SFPUG09VMT ↔ SFPUG611VMT
SFPUG09VMT,SFPUG611VMT,5,0.0091,SFPUG09VMT ↔ SFPUG611VMT
SFPUG09VMT,SFPUG611VMT,6,0.0988,SFPUG09VMT ↔ SFPUG611VMT
CRST1130,ME9683S,-6,0.2832,CRST1130 ↔ ME9683S
CRST1130,ME9683S,-5,-0.1607,CRST1130 ↔ ME9683S
CRST1130,ME9683S,-4,-0.1657,CRST1130 ↔ ME9683S
CRST1130,ME9683S,-3,-0.3299,CRST1130 ↔ ME9683S
CRST1130,ME9683S,-2,0.0211,CRST1130 ↔ ME9683S
CRST1130,ME9683S,-1,0.0601,CRST1130 ↔ ME9683S
CRST1130,ME9683S,0,0.7807,CRST1130 ↔ ME9683S
CRST1130,ME9683S,1,0.0689,CRST1130 ↔ ME9683S
CRST1130,ME9683S,2,0.455,CRST1130 ↔ ME9683S
CRST1130,ME9683S,3,-0.282,CRST1130 ↔ ME9683S
CRST1130,ME9683S,4,-0.1342,CRST1130 ↔ ME9683S
CRST1130,ME9683S,5,-0.0096,CRST1130 ↔ ME9683S
CRST1130,ME9683S,6,0.139,CRST1130 ↔ ME9683S
3M501,AN11-250,-6,-0.0378,3M501 ↔ AN11-250
3M501,AN11-250,-5,0.2493,3M501 ↔ AN11-250
3M501,AN11-250,-4,-0.3124,3M501 ↔ AN11-250
3M501,AN11-250,-3,0.4021,3M501 ↔ AN11-250
3M501,AN11-250,-2,-0.4109,3M501 ↔ AN11-250
3M501,AN11-250,-1,-0.5816,3M501 ↔ AN11-250
3M501,AN11-250,0,0.7801,3M501 ↔ AN11-250
3M501,AN11-250,1,-0.3994,3M501 ↔ AN11-250
3M501,AN11-250,2,0.2067,3M501 ↔ AN11-250
3M501,AN11-250,3,0.1805,3M501 ↔ AN11-250
3M501,AN11-250,4,-0.397,3M501 ↔ AN11-250
3M501,AN11-250,5,0.1709,3M501 ↔ AN11-250
3M501,AN11-250,6,-0.0821,3M501 ↔ AN11-250
JYR-1521M,JYR-2004AZ,-6,0.2442,JYR-1521M ↔ JYR-2004AZ
JYR-1521M,JYR-2004AZ,-5,-0.1109,JYR-1521M ↔ JYR-2004AZ
JYR-1521M,JYR-2004AZ,-4,-0.2387,JYR-1521M ↔ JYR-2004AZ
JYR-1521M,JYR-2004AZ,-3,0.1068,JYR-1521M ↔ JYR-2004AZ
JYR-1521M,JYR-2004AZ,-2,-0.044,JYR-1521M ↔ JYR-2004AZ
JYR-1521M,JYR-2004AZ,-1,-0.2706,JYR-1521M ↔ JYR-2004AZ
JYR-1521M,JYR-2004AZ,0,0.7799,JYR-1521M ↔ JYR-2004AZ
JYR-1521M,JYR-2004AZ,1,-0.2264,JYR-1521M ↔ JYR-2004AZ
JYR-1521M,JYR-2004AZ,2,-0.1346,JYR-1521M ↔ JYR-2004AZ
JYR-1521M,JYR-2004AZ,3,0.0381,JYR-1521M ↔ JYR-2004AZ
JYR-1521M,JYR-2004AZ,4,-0.1418,JYR-1521M ↔ JYR-2004AZ
JYR-1521M,JYR-2004AZ,5,-0.0639,JYR-1521M ↔ JYR-2004AZ
JYR-1521M,JYR-2004AZ,6,0.2213,JYR-1521M ↔ JYR-2004AZ
3M1292TY,ME6632L,-6,0.1904,3M1292TY ↔ ME6632L
3M1292TY,ME6632L,-5,0.1468,3M1292TY ↔ ME6632L
3M1292TY,ME6632L,-4,-0.1371,3M1292TY ↔ ME6632L
3M1292TY,ME6632L,-3,-0.1894,3M1292TY ↔ ME6632L
3M1292TY,ME6632L,-2,-0.1782,3M1292TY ↔ ME6632L
3M1292TY,ME6632L,-1,0.0585,3M1292TY ↔ ME6632L
3M1292TY,ME6632L,0,0.7787,3M1292TY ↔ ME6632L
3M1292TY,ME6632L,1,0.1502,3M1292TY ↔ ME6632L
3M1292TY,ME6632L,2,0.0991,3M1292TY ↔ ME6632L
3M1292TY,ME6632L,3,-0.0418,3M1292TY ↔ ME6632L
3M1292TY,ME6632L,4,-0.1105,3M1292TY ↔ ME6632L
3M1292TY,ME6632L,5,-0.0232,3M1292TY ↔ ME6632L
3M1292TY,ME6632L,6,0.0082,3M1292TY ↔ ME6632L
3M6200,SRESM60V,-6,-0.1317,3M6200 ↔ SRESM60V
3M6200,SRESM60V,-5,-0.0315,3M6200 ↔ SRESM60V
3M6200,SRESM60V,-4,0.0162,3M6200 ↔ SRESM60V
3M6200,SRESM60V,-3,0.1896,3M6200 ↔ SRESM60V
3M6200,SRESM60V,-2,-0.1353,3M6200 ↔ SRESM60V
3M6200,SRESM60V,-1,-0.0975,3M6200 ↔ SRESM60V
3M6200,SRESM60V,0,0.7785,3M6200 ↔ SRESM60V
3M6200,SRESM60V,1,0.0301,3M6200 ↔ SRESM60V
3M6200,SRESM60V,2,-0.1922,3M6200 ↔ SRESM60V
3M6200,SRESM60V,3,-0.0084,3M6200 ↔ SRESM60V
3M6200,SRESM60V,4,-0.0089,3M6200 ↔ SRESM60V
3M6200,SRESM60V,5,-0.1057,3M6200 ↔ SRESM60V
3M6200,SRESM60V,6,-0.1805,3M6200 ↔ SRESM60V
AN11-250,SPS700HS,-6,-0.2723,AN11-250 ↔ SPS700HS
AN11-250,SPS700HS,-5,-0.0111,AN11-250 ↔ SPS700HS
AN11-250,SPS700HS,-4,-0.3914,AN11-250 ↔ SPS700HS
AN11-250,SPS700HS,-3,0.1334,AN11-250 ↔ SPS700HS
AN11-250,SPS700HS,-2,0.0949,AN11-250 ↔ SPS700HS
AN11-250,SPS700HS,-1,-0.232,AN11-250 ↔ SPS700HS
AN11-250,SPS700HS,0,0.7692,AN11-250 ↔ SPS700HS
AN11-250,SPS700HS,1,-0.2027,AN11-250 ↔ SPS700HS
AN11-250,SPS700HS,2,-0.1636,AN11-250 ↔ SPS700HS
AN11-250,SPS700HS,3,0.2359,AN11-250 ↔ SPS700HS
AN11-250,SPS700HS,4,-0.4913,AN11-250 ↔ SPS700HS
AN11-250,SPS700HS,5,0.285,AN11-250 ↔ SPS700HS
AN11-250,SPS700HS,6,-0.0794,AN11-250 ↔ SPS700HS
JYR-1521M,SFPUG09VMT,-6,0.1007,JYR-1521M ↔ SFPUG09VMT
JYR-1521M,SFPUG09VMT,-5,0.1586,JYR-1521M ↔ SFPUG09VMT
JYR-1521M,SFPUG09VMT,-4,-0.2394,JYR-1521M ↔ SFPUG09VMT
JYR-1521M,SFPUG09VMT,-3,0.0586,JYR-1521M ↔ SFPUG09VMT
JYR-1521M,SFPUG09VMT,-2,-0.0441,JYR-1521M ↔ SFPUG09VMT
JYR-1521M,SFPUG09VMT,-1,-0.2845,JYR-1521M ↔ SFPUG09VMT
JYR-1521M,SFPUG09VMT,0,0.7689,JYR-1521M ↔ SFPUG09VMT
JYR-1521M,SFPUG09VMT,1,-0.1929,JYR-1521M ↔ SFPUG09VMT
JYR-1521M,SFPUG09VMT,2,0.0014,JYR-1521M ↔ SFPUG09VMT
JYR-1521M,SFPUG09VMT,3,-0.0631,JYR-1521M ↔ SFPUG09VMT
JYR-1521M,SFPUG09VMT,4,-0.3197,JYR-1521M ↔ SFPUG09VMT
JYR-1521M,SFPUG09VMT,5,0.0619,JYR-1521M ↔ SFPUG09VMT
JYR-1521M,SFPUG09VMT,6,0.257,JYR-1521M ↔ SFPUG09VMT
SFGG805PFL,SFPUG611VMT,-6,0.0981,SFGG805PFL ↔ SFPUG611VMT
SFGG805PFL,SFPUG611VMT,-5,-0.0932,SFGG805PFL ↔ SFPUG611VMT
SFGG805PFL,SFPUG611VMT,-4,0.033,SFGG805PFL ↔ SFPUG611VMT
SFGG805PFL,SFPUG611VMT,-3,-0.0229,SFGG805PFL ↔ SFPUG611VMT
SFGG805PFL,SFPUG611VMT,-2,-0.082,SFGG805PFL ↔ SFPUG611VMT
SFGG805PFL,SFPUG611VMT,-1,-0.3367,SFGG805PFL ↔ SFPUG611VMT
SFGG805PFL,SFPUG611VMT,0,0.7664,SFGG805PFL ↔ SFPUG611VMT
SFGG805PFL,SFPUG611VMT,1,-0.1537,SFGG805PFL ↔ SFPUG611VMT
SFGG805PFL,SFPUG611VMT,2,0.0621,SFGG805PFL ↔ SFPUG611VMT
SFGG805PFL,SFPUG611VMT,3,0.0085,SFGG805PFL ↔ SFPUG611VMT
SFGG805PFL,SFPUG611VMT,4,-0.5239,SFGG805PFL ↔ SFPUG611VMT
SFGG805PFL,SFPUG611VMT,5,0.1529,SFGG805PFL ↔ SFPUG611VMT
SFGG805PFL,SFPUG611VMT,6,0.0558,SFGG805PFL ↔ SFPUG611VMT
CRST1130,SRESM60V,-6,0.0084,CRST1130 ↔ SRESM60V
CRST1130,SRESM60V,-5,-0.1458,CRST1130 ↔ SRESM60V
CRST1130,SRESM60V,-4,0.0426,CRST1130 ↔ SRESM60V
CRST1130,SRESM60V,-3,0.0806,CRST1130 ↔ SRESM60V
CRST1130,SRESM60V,-2,0.5878,CRST1130 ↔ SRESM60V
CRST1130,SRESM60V,-1,-0.2691,CRST1130 ↔ SRESM60V
CRST1130,SRESM60V,0,0.763,CRST1130 ↔ SRESM60V
CRST1130,SRESM60V,1,0.0541,CRST1130 ↔ SRESM60V
CRST1130,SRESM60V,2,0.0869,CRST1130 ↔ SRESM60V
CRST1130,SRESM60V,3,-0.2843,CRST1130 ↔ SRESM60V
CRST1130,SRESM60V,4,-0.1635,CRST1130 ↔ SRESM60V
CRST1130,SRESM60V,5,0.0294,CRST1130 ↔ SRESM60V
CRST1130,SRESM60V,6,0.145,CRST1130 ↔ SRESM60V
DUNB127SXL,SACFCB02,-6,0.1628,DUNB127SXL ↔ SACFCB02
DUNB127SXL,SACFCB02,-5,-0.0659,DUNB127SXL ↔ SACFCB02
DUNB127SXL,SACFCB02,-4,-0.0086,DUNB127SXL ↔ SACFCB02
DUNB127SXL,SACFCB02,-3,-0.1928,DUNB127SXL ↔ SACFCB02
DUNB127SXL,SACFCB02,-2,0.0924,DUNB127SXL ↔ SACFCB02
DUNB127SXL,SACFCB02,-1,0.0449,DUNB127SXL ↔ SACFCB02
DUNB127SXL,SACFCB02,0,0.7625,DUNB127SXL ↔ SACFCB02
DUNB127SXL,SACFCB02,1,0.0966,DUNB127SXL ↔ SACFCB02
DUNB127SXL,SACFCB02,2,-0.0491,DUNB127SXL ↔ SACFCB02
DUNB127SXL,SACFCB02,3,0.1351,DUNB127SXL ↔ SACFCB02
DUNB127SXL,SACFCB02,4,-0.167,DUNB127SXL ↔ SACFCB02
DUNB127SXL,SACFCB02,5,0.0127,DUNB127SXL ↔ SACFCB02
DUNB127SXL,SACFCB02,6,0.0219,DUNB127SXL ↔ SACFCB02
MESX200LH,SFPUG611VMT,-6,0.0964,MESX200LH ↔ SFPUG611VMT
MESX200LH,SFPUG611VMT,-5,0.2177,MESX200LH ↔ SFPUG611VMT
MESX200LH,SFPUG611VMT,-4,-0.337,MESX200LH ↔ SFPUG611VMT
MESX200LH,SFPUG611VMT,-3,-0.0703,MESX200LH ↔ SFPUG611VMT
MESX200LH,SFPUG611VMT,-2,0.0104,MESX200LH ↔ SFPUG611VMT
MESX200LH,SFPUG611VMT,-1,-0.2432,MESX200LH ↔ SFPUG611VMT
MESX200LH,SFPUG611VMT,0,0.7584,MESX200LH ↔ SFPUG611VMT
MESX200LH,SFPUG611VMT,1,0.0481,MESX200LH ↔ SFPUG611VMT
MESX200LH,SFPUG611VMT,2,-0.0995,MESX200LH ↔ SFPUG611VMT
MESX200LH,SFPUG611VMT,3,0.0814,MESX200LH ↔ SFPUG611VMT
MESX200LH,SFPUG611VMT,4,-0.0755,MESX200LH ↔ SFPUG611VMT
MESX200LH,SFPUG611VMT,5,-0.0095,MESX200LH ↔ SFPUG611VMT
MESX200LH,SFPUG611VMT,6,0.0137,MESX200LH ↔ SFPUG611VMT
ME6632XL,PIP33-BLK125BPL,-6,-0.0873,ME6632XL ↔ PIP33-BLK125BPL
ME6632XL,PIP33-BLK125BPL,-5,0.2974,ME6632XL ↔ PIP33-BLK125BPL
ME6632XL,PIP33-BLK125BPL,-4,-0.5016,ME6632XL ↔ PIP33-BLK125BPL
ME6632XL,PIP33-BLK125BPL,-3,-0.2802,ME6632XL ↔ PIP33-BLK125BPL
ME6632XL,PIP33-BLK125BPL,-2,-0.2946,ME6632XL ↔ PIP33-BLK125BPL
ME6632XL,PIP33-BLK125BPL,-1,-0.5904,ME6632XL ↔ PIP33-BLK125BPL
ME6632XL,PIP33-BLK125BPL,0,0.756,ME6632XL ↔ PIP33-BLK125BPL
ME6632XL,PIP33-BLK125BPL,1,-0.1228,ME6632XL ↔ PIP33-BLK125BPL
ME6632XL,PIP33-BLK125BPL,2,0.4428,ME6632XL ↔ PIP33-BLK125BPL
ME6632XL,PIP33-BLK125BPL,3,0.4038,ME6632XL ↔ PIP33-BLK125BPL
ME6632XL,PIP33-BLK125BPL,4,-0.1486,ME6632XL ↔ PIP33-BLK125BPL
ME6632XL,PIP33-BLK125BPL,5,0.2769,ME6632XL ↔ PIP33-BLK125BPL
ME6632XL,PIP33-BLK125BPL,6,0.0454,ME6632XL ↔ PIP33-BLK125BPL
AN37-175T10,SPS3960HS,-6,0.084,AN37-175T10 ↔ SPS3960HS
AN37-175T10,SPS3960HS,-5,-0.1169,AN37-175T10 ↔ SPS3960HS
AN37-175T10,SPS3960HS,-4,-0.018,AN37-175T10 ↔ SPS3960HS
AN37-175T10,SPS3960HS,-3,-0.0311,AN37-175T10 ↔ SPS3960HS
AN37-175T10,SPS3960HS,-2,-0.0968,AN37-175T10 ↔ SPS3960HS
AN37-175T10,SPS3960HS,-1,-0.122,AN37-175T10 ↔ SPS3960HS
AN37-175T10,SPS3960HS,0,0.7558,AN37-175T10 ↔ SPS3960HS
AN37-175T10,SPS3960HS,1,0.0511,AN37-175T10 ↔ SPS3960HS
AN37-175T10,SPS3960HS,2,-0.1023,AN37-175T10 ↔ SPS3960HS
AN37-175T10,SPS3960HS,3,-0.0299,AN37-175T10 ↔ SPS3960HS
AN37-175T10,SPS3960HS,4,-0.1636,AN37-175T10 ↔ SPS3960HS
AN37-175T10,SPS3960HS,5,-0.1348,AN37-175T10 ↔ SPS3960HS
AN37-175T10,SPS3960HS,6,0.167,AN37-175T10 ↔ SPS3960HS
AN11840-9,SPS3960HS,-6,-0.1856,AN11840-9 ↔ SPS3960HS
AN11840-9,SPS3960HS,-5,0.015,AN11840-9 ↔ SPS3960HS
AN11840-9,SPS3960HS,-4,0.0791,AN11840-9 ↔ SPS3960HS
AN11840-9,SPS3960HS,-3,0.0363,AN11840-9 ↔ SPS3960HS
AN11840-9,SPS3960HS,-2,0.3483,AN11840-9 ↔ SPS3960HS
AN11840-9,SPS3960HS,-1,-0.4188,AN11840-9 ↔ SPS3960HS
AN11840-9,SPS3960HS,0,0.7511,AN11840-9 ↔ SPS3960HS
AN11840-9,SPS3960HS,1,-0.1639,AN11840-9 ↔ SPS3960HS
AN11840-9,SPS3960HS,2,0.2642,AN11840-9 ↔ SPS3960HS
AN11840-9,SPS3960HS,3,-0.2776,AN11840-9 ↔ SPS3960HS
AN11840-9,SPS3960HS,4,0.7288,AN11840-9 ↔ SPS3960HS
AN11840-9,SPS3960HS,5,0.2516,AN11840-9 ↔ SPS3960HS
AN11840-9,SPS3960HS,6,-0.0881,AN11840-9 ↔ SPS3960HS
